,ds,trend,yhat_lower,yhat_upper,trend_lower,trend_upper,additive_terms,additive_terms_lower,additive_terms_upper,avg_ndvi,avg_ndvi_lower,avg_ndvi_upper,avg_reanalysis,avg_reanalysis_lower,avg_reanalysis_upper,extra_regressors_additive,extra_regressors_additive_lower,extra_regressors_additive_upper,reanalysis_specific_humidity_g_per_kg,reanalysis_specific_humidity_g_per_kg_lower,reanalysis_specific_humidity_g_per_kg_upper,station_min_temp_c,station_min_temp_c_lower,station_min_temp_c_upper,yearly,yearly_lower,yearly_upper,multiplicative_terms,multiplicative_terms_lower,multiplicative_terms_upper,yhat
0,2010-07-02,7.644264293477456,-8.40923911272927,16.397426964169604,7.644264293477456,7.644264293477456,-3.4415635227671673,-3.4415635227671673,-3.4415635227671673,0.008182724105380719,0.008182724105380719,0.008182724105380719,-0.3568804175652529,-0.3568804175652529,-0.3568804175652529,0.18611352328434103,0.18611352328434103,0.18611352328434103,0.43676569984535113,0.43676569984535113,0.43676569984535113,0.09804551689886208,0.09804551689886208,0.09804551689886208,-3.6276770460515078,-3.6276770460515078,-3.6276770460515078,0.0,0.0,0.0,4.202700770710289
1,2010-07-09,7.627004011432653,-8.573111789928197,15.323861668670572,7.627004011432653,7.627004011432653,-3.7268538310812005,-3.7268538310812005,-3.7268538310812005,-0.005056234845531624,-0.005056234845531624,-0.005056234845531624,0.004264369314079199,0.004264369314079199,0.004264369314079199,-0.6227754944971094,-0.6227754944971094,-0.6227754944971094,-0.6184680526625078,-0.6184680526625078,-0.6184680526625078,-0.0035155763031492625,-0.0035155763031492625,-0.0035155763031492625,-3.1040783365840907,-3.1040783365840907,-3.1040783365840907,0.0,0.0,0.0,3.900150180351453
2,2010-07-16,7.609743729387852,-6.532446045536505,18.055765843562906,7.609743729387852,7.609743729387852,-1.8755832165997628,-1.8755832165997628,-1.8755832165997628,-0.0006151371084791768,-0.0006151371084791768,-0.0006151371084791768,0.034817265857547866,0.034817265857547866,0.034817265857547866,0.900004598790504,0.900004598790504,0.900004598790504,0.733903255408569,0.733903255408569,0.733903255408569,0.13189921463286625,0.13189921463286625,0.13189921463286625,-2.7755878153902667,-2.7755878153902667,-2.7755878153902667,0.0,0.0,0.0,5.7341605127880895
3,2010-07-23,7.5924834473430485,-9.960546018453076,14.32951079428544,7.5924834473430485,7.5924834473430485,-4.659947067604975,-4.659947067604975,-4.659947067604975,0.017073203333257913,0.017073203333257913,0.017073203333257913,1.7959053262710187,1.7959053262710187,1.7959053262710187,-1.9108747240470145,-1.9108747240470145,-1.9108747240470145,-1.3505788359678825,-1.3505788359678825,-1.3505788359678825,-2.3732744176834086,-2.3732744176834086,-2.3732744176834086,-2.7490723435579607,-2.7490723435579607,-2.7490723435579607,0.0,0.0,0.0,2.9325363797380737
4,2010-07-30,7.575223165298246,-9.328701113027527,14.046395445517474,7.574867577946843,7.575698482687174,-5.1739082180535485,-5.1739082180535485,-5.1739082180535485,-0.0034138382010413435,-0.0034138382010413435,-0.0034138382010413435,0.24224279094783274,0.24224279094783274,0.24224279094783274,-2.512224831315122,-2.512224831315122,-2.512224831315122,-1.2918292051966043,-1.2918292051966043,-1.2918292051966043,-1.4592245788653087,-1.4592245788653087,-1.4592245788653087,-2.6616833867384266,-2.6616833867384266,-2.6616833867384266,0.0,0.0,0.0,2.401314947244697
5,2010-08-06,7.557962883253443,-8.979363382934219,15.969111737479746,7.556454630574469,7.558948314290233,-3.8283172701350985,-3.8283172701350985,-3.8283172701350985,-0.007875140404083393,-0.007875140404083393,-0.007875140404083393,-0.8013295863871877,-0.8013295863871877,-0.8013295863871877,-1.5967852025560638,-1.5967852025560638,-1.5967852025560638,-0.37782052665359933,-0.37782052665359933,-0.37782052665359933,-0.40975994911119346,-0.40975994911119346,-0.40975994911119346,-2.231532067579034,-2.231532067579034,-2.231532067579034,0.0,0.0,0.0,3.729645613118344
6,2010-08-13,7.54070260120864,-9.688742480232184,14.763266473733893,7.537707132851966,7.542495639074696,-4.971237855593347,-4.971237855593347,-4.971237855593347,-0.010517906710107692,-0.010517906710107692,-0.010517906710107692,0.1427071821630118,0.1427071821630118,0.1427071821630118,-3.246548957129454,-3.246548957129454,-3.246548957129454,-2.4611728174611094,-2.4611728174611094,-2.4611728174611094,-0.9175654151212491,-0.9175654151212491,-0.9175654151212491,-1.724688898463892,-1.724688898463892,-1.724688898463892,0.0,0.0,0.0,2.569464745615293
7,2010-08-20,7.523442319163839,-7.742618532390172,15.961496920463654,7.518512123676017,7.526624284040145,-3.00209509590393,-3.00209509590393,-3.00209509590393,0.0017780732580053422,0.0017780732580053422,0.0017780732580053422,-0.7325855689137731,-0.7325855689137731,-0.7325855689137731,-1.3764362970307462,-1.3764362970307462,-1.3764362970307462,-0.5744058296038219,-0.5744058296038219,-0.5744058296038219,-0.07122297177115643,-0.07122297177115643,-0.07122297177115643,-1.6256587988731832,-1.6256587988731832,-1.6256587988731832,0.0,0.0,0.0,4.521347223259909
8,2010-08-27,7.506182037119036,-10.391373307297178,14.364539569867171,7.499983756069063,7.510814237459868,-5.276431238504068,-5.276431238504068,-5.276431238504068,-0.007378171852264238,-0.007378171852264238,-0.007378171852264238,-0.8932269709525494,-0.8932269709525494,-0.8932269709525494,-3.380626904693644,-3.380626904693644,-3.380626904693644,-2.0702618127776367,-2.0702618127776367,-2.0702618127776367,-0.40975994911119346,-0.40975994911119346,-0.40975994911119346,-1.8958043338104238,-1.8958043338104238,-1.8958043338104238,0.0,0.0,0.0,2.229750798614968
9,2010-09-03,7.488921755074231,-8.34205647432262,15.830176990596103,7.481349249318973,7.495102444919498,-3.717182438566738,-3.717182438566738,-3.717182438566738,-0.008253316588163362,-0.008253316588163362,-0.008253316588163362,-1.5396116915516807,-1.5396116915516807,-1.5396116915516807,-1.856813233247774,-1.856813233247774,-1.856813233247774,-0.23772525333677358,-0.23772525333677358,-0.23772525333677358,-0.07122297177115643,-0.07122297177115643,-0.07122297177115643,-1.8603692053189629,-1.8603692053189629,-1.8603692053189629,0.0,0.0,0.0,3.7717393165074933
10,2010-09-10,7.471661473029428,-5.35167817959495,19.40809759025393,7.462010999389331,7.479899484499805,-1.5024890425538635,-1.5024890425538635,-1.5024890425538635,0.014114475038670053,0.014114475038670053,0.014114475038670053,-0.5043936215702854,-0.5043936215702854,-0.5043936215702854,-0.5077388190001236,-0.5077388190001236,-0.5077388190001236,0.05376329930264809,0.05376329930264809,0.05376329930264809,-0.07122297177115643,-0.07122297177115643,-0.07122297177115643,-0.9947502235537399,-0.9947502235537399,-0.9947502235537399,0.0,0.0,0.0,5.969172430475565
11,2010-09-17,7.454401190984626,-6.895481588626202,18.216642361030836,7.443135600227479,7.464086210159395,-1.958275587203167,-1.958275587203167,-1.958275587203167,-0.001187428672037457,-0.001187428672037457,-0.001187428672037457,-1.4892471509913388,-1.4892471509913388,-1.4892471509913388,-2.3269996809856934,-2.3269996809856934,-2.3269996809856934,-0.7653421295511608,-0.7653421295511608,-0.7653421295511608,-0.07122297177115643,-0.07122297177115643,-0.07122297177115643,0.3687240937825266,0.3687240937825266,0.3687240937825266,0.0,0.0,0.0,5.49612560378146
12,2010-09-24,7.437140908939825,-5.244270800743339,19.005682935716628,7.4230305838208706,7.449168900823104,-0.04540545003483152,-0.04540545003483152,-0.04540545003483152,-0.0064724847029043525,-0.0064724847029043525,-0.0064724847029043525,-0.8789053005829425,-0.8789053005829425,-0.8789053005829425,-1.4477650632253165,-1.4477650632253165,-1.4477650632253165,0.15205595077775658,0.15205595077775658,0.15205595077775658,-0.7144432287172262,-0.7144432287172262,-0.7144432287172262,1.402359613190485,1.402359613190485,1.402359613190485,0.0,0.0,0.0,7.391735458904994
13,2010-10-01,7.419880626895022,-5.594115640062656,18.846564093562396,7.403262114943315,7.433870257964252,-0.6170268833025662,-0.6170268833025662,-0.6170268833025662,-0.013321636378165429,-0.013321636378165429,-0.013321636378165429,-1.3937693487499832,-1.3937693487499832,-1.3937693487499832,-2.436932627627753,-2.436932627627753,-2.436932627627753,-1.0263260661964548,-1.0263260661964548,-1.0263260661964548,-0.0035155763031492625,-0.0035155763031492625,-0.0035155763031492625,1.8199057443251867,1.8199057443251867,1.8199057443251867,0.0,0.0,0.0,6.802853743592456
14,2010-10-08,7.402620344850219,-6.005933949269445,18.074851061223814,7.383806927969122,7.419059766075805,-1.7839965963169162,-1.7839965963169162,-1.7839965963169162,-0.005233863092237594,-0.005233863092237594,-0.005233863092237594,-2.640232055931369,-2.640232055931369,-2.640232055931369,-3.989109885931019,-3.989109885931019,-3.989109885931019,-1.103152506466237,-1.103152506466237,-1.103152506466237,-0.24049146044117498,-0.24049146044117498,-0.24049146044117498,2.2051132896141024,2.2051132896141024,2.2051132896141024,0.0,0.0,0.0,5.618623748533303
15,2010-10-15,7.385360062805415,-3.8441052341260953,20.893233478718265,7.364372317689905,7.40475045983249,1.0057368886319522,1.0057368886319522,1.0057368886319522,-0.007854387225706217,-0.007854387225706217,-0.007854387225706217,-1.4338700256512493,-1.4338700256512493,-1.4338700256512493,-2.082350171740119,-2.082350171740119,-2.082350171740119,-0.1631584142839628,-0.1631584142839628,-0.1631584142839628,-0.4774673445792006,-0.4774673445792006,-0.4774673445792006,3.088087060372071,3.088087060372071,3.088087060372071,0.0,0.0,0.0,8.391096951437367
16,2010-10-22,7.368099780760612,-2.516963374344946,21.69583832877266,7.344171424529075,7.390938404698848,2.4931201351410897,2.4931201351410897,2.4931201351410897,0.001754213285546376,0.001754213285546376,0.001754213285546376,-1.536747357511144,-1.536747357511144,-1.536747357511144,-1.458195527416891,-1.458195527416891,-1.458195527416891,0.5542649613879072,0.5542649613879072,0.5542649613879072,-0.4774673445792006,-0.4774673445792006,-0.4774673445792006,3.9513156625579806,3.9513156625579806,3.9513156625579806,0.0,0.0,0.0,9.861219915901701
17,2010-10-29,7.3508394987158105,-2.4493528706458356,22.721752597249324,7.325103489997197,7.377032808315229,3.3725317808080617,3.3725317808080617,3.3725317808080617,0.00306208342997145,0.00306208342997145,0.00306208342997145,-1.4250383289289088,-1.4250383289289088,-1.4250383289289088,-0.2871199546454827,-0.2871199546454827,-0.2871199546454827,1.1383718671566039,1.1383718671566039,1.1383718671566039,-0.0035155763031492625,-0.0035155763031492625,-0.0035155763031492625,3.659651735453545,3.659651735453545,3.659651735453545,0.0,0.0,0.0,10.723371279523873
18,2010-11-05,7.333579216671008,-3.0749289411113305,21.568399709006638,7.305645469187639,7.362468943327788,1.8707819672556618,1.8707819672556618,1.8707819672556618,-0.0013725173463229007,-0.0013725173463229007,-0.0013725173463229007,-2.1325288429491085,-2.1325288429491085,-2.1325288429491085,-0.17993964058817075,-0.17993964058817075,-0.17993964058817075,1.9574772960104099,1.9574772960104099,1.9574772960104099,-0.0035155763031492625,-0.0035155763031492625,-0.0035155763031492625,2.0507216078438324,2.0507216078438324,2.0507216078438324,0.0,0.0,0.0,9.20436118392667
19,2010-11-12,7.316318934626205,-4.4463844836999575,18.696685643328195,7.284480908899781,7.3489222816256685,-0.3832898857671643,-0.3832898857671643,-0.3832898857671643,-0.010365730474619023,-0.010365730474619023,-0.010365730474619023,-1.3331409443635471,-1.3331409443635471,-1.3331409443635471,-1.0747235975261564,-1.0747235975261564,-1.0747235975261564,0.6785430264232032,0.6785430264232032,0.6785430264232032,-0.40975994911119346,-0.40975994911119346,-0.40975994911119346,0.691433711758992,0.691433711758992,0.691433711758992,0.0,0.0,0.0,6.933029048859041
20,2010-11-19,7.299058652581403,-3.312993838377385,21.761600408242465,7.264477022979227,7.334400248301399,1.087437603401855,1.087437603401855,1.087437603401855,0.003984703379911418,0.003984703379911418,0.003984703379911418,-1.0008781929913666,-1.0008781929913666,-1.0008781929913666,-0.39163143610438866,-0.39163143610438866,-0.39163143610438866,0.8457535139482415,0.8457535139482415,0.8457535139482415,-0.24049146044117498,-0.24049146044117498,-0.24049146044117498,1.4790690395062434,1.4790690395062434,1.4790690395062434,0.0,0.0,0.0,8.386496255983257
21,2010-11-26,7.281798370536598,0.30779471413051873,25.028729548695896,7.244953225596561,7.319523258345029,4.9768145673521165,4.9768145673521165,4.9768145673521165,-0.007641303915196242,-0.007641303915196242,-0.007641303915196242,-0.43708177136773746,-0.43708177136773746,-0.43708177136773746,0.6214976196055616,0.6214976196055616,0.6214976196055616,1.30671215532967,1.30671215532967,1.30671215532967,-0.24049146044117498,-0.24049146044117498,-0.24049146044117498,4.355316947746555,4.355316947746555,4.355316947746555,0.0,0.0,0.0,12.258612937888714
22,2010-12-03,7.264538088491797,0.9457188744673111,25.435397583839674,7.224435601895648,7.305359991466979,5.903987847261956,5.903987847261956,5.903987847261956,0.007707187795719802,0.007707187795719802,0.007707187795719802,-1.8618492738656576,-1.8618492738656576,-1.8618492738656576,-0.9225289416004332,-0.9225289416004332,-0.9225289416004332,1.036689813974665,1.036689813974665,1.036689813974665,-0.10507666950516062,-0.10507666950516062,-0.10507666950516062,6.826516788862389,6.826516788862389,6.826516788862389,0.0,0.0,0.0,13.168525935753753
23,2010-12-10,7.247277806446994,1.7686655796601494,26.75650861444746,7.203759688289152,7.292855727491135,6.587571014355753,6.587571014355753,6.587571014355753,0.002807048094899364,0.002807048094899364,0.002807048094899364,-1.1918337973069648,-1.1918337973069648,-1.1918337973069648,0.34682811166961713,0.34682811166961713,0.34682811166961713,1.4716630417168246,1.4716630417168246,1.4716630417168246,0.0641918191648579,0.0641918191648579,0.0641918191648579,6.2407429026861365,6.2407429026861365,6.2407429026861365,0.0,0.0,0.0,13.834848820802748
24,2010-12-17,7.230017524402191,-1.6909920519755361,21.940401862538526,7.182430675301894,7.27885305415873,2.6026130970127848,2.6026130970127848,2.6026130970127848,-0.005859366876818583,-0.005859366876818583,-0.005859366876818583,-0.9466945401542534,-0.9466945401542534,-0.9466945401542534,-0.008875836163893076,-0.008875836163893076,-0.008875836163893076,0.7440714607663055,0.7440714607663055,0.7440714607663055,0.19960661010087344,0.19960661010087344,0.19960661010087344,2.611488933176678,2.611488933176678,2.611488933176678,0.0,0.0,0.0,9.832630621414976
25,2010-12-24,7.212757242357388,-8.775845088207799,16.587460658715905,7.160103231457675,7.26463074938065,-2.6984621814728604,-2.6984621814728604,-2.6984621814728604,0.0034871423217582584,0.0034871423217582584,0.0034871423217582584,-0.7946461402369924,-0.7946461402369924,-0.7946461402369924,-1.5834602761068741,-1.5834602761068741,-1.5834602761068741,-0.5518098177504649,-0.5518098177504649,-0.5518098177504649,-0.24049146044117498,-0.24049146044117498,-0.24049146044117498,-1.115001905365986,-1.115001905365986,-1.115001905365986,0.0,0.0,0.0,4.514295060884528
26,2011-01-01,7.193031205734758,-5.120539403608108,18.982300372824916,7.136944227086667,7.2492785278598175,-0.2638661145771279,-0.2638661145771279,-0.2638661145771279,-0.0022590253232624624,-0.0022590253232624624,-0.0022590253232624624,0.752810337970583,0.752810337970583,0.752810337970583,1.3461701612287074,1.3461701612287074,1.3461701612287074,0.3283048430125062,0.3283048430125062,0.3283048430125062,0.26731400556888063,0.26731400556888063,0.26731400556888063,-1.6100362758058353,-1.6100362758058353,-1.6100362758058353,0.0,0.0,0.0,6.92916509115763
27,2011-01-08,7.175770923689955,-4.627561661552152,19.34427919080084,7.116145750485982,7.234729912061878,0.5453798025541285,0.5453798025541285,0.5453798025541285,-0.009522604265786678,-0.009522604265786678,-0.009522604265786678,-0.24588747261837973,-0.24588747261837973,-0.24588747261837973,-0.8118652715067212,-0.8118652715067212,-0.8118652715067212,-0.5529396183194055,-0.5529396183194055,-0.5529396183194055,-0.0035155763031492625,-0.0035155763031492625,-0.0035155763031492625,1.3572450740608495,1.3572450740608495,1.3572450740608495,0.0,0.0,0.0,7.721150726244083
28,2011-01-15,7.158510641645152,0.1917114340875619,24.018922588096526,7.096280414795665,7.222803526200871,4.782491370356483,4.782491370356483,4.782491370356483,0.002228955121496825,0.002228955121496825,0.002228955121496825,-0.4719311690554965,-0.4719311690554965,-0.4719311690554965,0.08544541344660182,0.08544541344660182,0.08544541344660182,0.45710211048173943,0.45710211048173943,0.45710211048173943,0.09804551689886208,0.09804551689886208,0.09804551689886208,4.69704595690988,4.69704595690988,4.69704595690988,0.0,0.0,0.0,11.941002012001634
29,2011-01-22,7.141250359600349,0.9607751711174831,25.385450700497465,7.073864208702417,7.208883602506448,5.919573531569721,5.919573531569721,5.919573531569721,-0.0024802440033497844,-0.0024802440033497844,-0.0024802440033497844,-0.36905383719555424,-0.36905383719555424,-0.36905383719555424,-0.010510555479562174,-0.010510555479562174,-0.010510555479562174,0.43224649749049826,0.43224649749049826,0.43224649749049826,-0.07122297177115643,-0.07122297177115643,-0.07122297177115643,5.930084087049283,5.930084087049283,5.930084087049283,0.0,0.0,0.0,13.06082389117007
30,2011-01-29,7.123990077555545,-1.2612317750969673,23.970256407349954,7.05285327060108,7.195228576660418,4.152259384036372,4.152259384036372,4.152259384036372,0.00221969141377037,0.00221969141377037,0.00221969141377037,0.043410268146176156,0.043410268146176156,0.043410268146176156,-0.8859190314645478,-0.8859190314645478,-0.8859190314645478,-0.928033414721345,-0.928033414721345,-0.928033414721345,-0.0035155763031492625,-0.0035155763031492625,-0.0035155763031492625,5.038178415500919,5.038178415500919,5.038178415500919,0.0,0.0,0.0,11.276249461591917
31,2011-02-05,7.106729795510744,-0.8956630161895128,22.63853148919218,7.031430470812487,7.182227476649525,4.228215077419159,4.228215077419159,4.228215077419159,0.00767222322411577,0.00767222322411577,0.00767222322411577,0.42723103274869273,0.42723103274869273,0.42723103274869273,0.41764518357628877,0.41764518357628877,0.41764518357628877,0.2232333880446552,0.2232333880446552,0.2232333880446552,-0.24049146044117498,-0.24049146044117498,-0.24049146044117498,3.8105698938428705,3.8105698938428705,3.8105698938428705,0.0,0.0,0.0,11.334944872929903
32,2011-02-12,7.089469513465941,-0.5647237940908774,24.52973592572936,7.010984673155871,7.168179051356757,4.143874940373217,4.143874940373217,4.143874940373217,0.00024454836433138475,0.00024454836433138475,0.00024454836433138475,0.07157621968369257,0.07157621968369257,0.07157621968369257,0.65541501027777,0.65541501027777,0.65541501027777,0.6548172140009025,0.6548172140009025,0.6548172140009025,-0.07122297177115643,-0.07122297177115643,-0.07122297177115643,3.4884599300954466,3.4884599300954466,3.4884599300954466,0.0,0.0,0.0,11.233344453839159
33,2011-02-19,7.072209231421138,-1.4105776427804781,23.16780775996031,6.989813927059937,7.155439627133716,4.09483672806026,4.09483672806026,4.09483672806026,-0.004158397117040081,-0.004158397117040081,-0.004158397117040081,-0.2461261668850739,-0.2461261668850739,-0.2461261668850739,0.5683082012336571,0.5683082012336571,0.5683082012336571,0.8898157370069275,0.8898157370069275,0.8898157370069275,-0.07122297177115643,-0.07122297177115643,-0.07122297177115643,3.526528526826603,3.526528526826603,3.526528526826603,0.0,0.0,0.0,11.167045959481399
34,2011-02-26,7.054948949376335,-1.1390589663709307,21.768035788861752,6.969225750116684,7.142162308016122,3.8166757971427208,3.8166757971427208,3.8166757971427208,0.008869013887601718,0.008869013887601718,0.008869013887601718,0.13411418020856175,0.13411418020856175,0.13411418020856175,1.1604208634991258,1.1604208634991258,1.1604208634991258,1.0886606411741186,1.0886606411741186,1.0886606411741186,-0.07122297177115643,-0.07122297177115643,-0.07122297177115643,2.656254933643595,2.656254933643595,2.656254933643595,0.0,0.0,0.0,10.871624746519057
35,2011-03-05,7.037688667331532,-3.2286463011294413,21.60628199150587,6.948853558509522,7.127506843210755,1.6703662845349143,1.6703662845349143,1.6703662845349143,0.0009861627814615574,0.0009861627814615574,0.0009861627814615574,0.06895058007696282,0.06895058007696282,0.06895058007696282,0.9994515661369185,0.9994515661369185,0.9994515661369185,1.1700062837196692,1.1700062837196692,1.1700062837196692,-0.24049146044117498,-0.24049146044117498,-0.24049146044117498,0.670914718397996,0.670914718397996,0.670914718397996,0.0,0.0,0.0,8.708054951866448
36,2011-03-12,7.020428385286731,-5.770717130991064,19.31113570884142,6.92771531960436,7.113400652534424,-0.14073021759990492,-0.14073021759990492,-0.14073021759990492,-0.002250233044488712,-0.002250233044488712,-0.002250233044488712,0.43558534043644853,0.43558534043644853,0.43558534043644853,1.1286183281354198,1.1286183281354198,1.1286183281354198,0.6310914015786021,0.6310914015786021,0.6310914015786021,0.0641918191648579,0.0641918191648579,0.0641918191648579,-1.2693485457353249,-1.2693485457353249,-1.2693485457353249,0.0,0.0,0.0,6.8796981676868265
37,2011-03-19,7.003168103241927,-7.501334459841742,17.94659874232551,6.907018691284262,7.101617395887852,-1.329440824606126,-1.329440824606126,-1.329440824606126,-0.010581021515251796,-0.010581021515251796,-0.010581021515251796,0.08804614062549215,0.08804614062549215,0.08804614062549215,0.6858343343182484,0.6858343343182484,0.6858343343182484,0.6118847915111573,0.6118847915111573,0.6118847915111573,-0.0035155763031492625,-0.0035155763031492625,-0.0035155763031492625,-2.0152751589243745,-2.0152751589243745,-2.0152751589243745,0.0,0.0,0.0,5.6737272786358
38,2011-03-26,6.985907821197124,-6.522565445612644,17.993163815953253,6.886465644389704,7.088994105219463,-0.8568094040086364,-0.8568094040086364,-0.8568094040086364,0.010056602670109107,0.010056602670109107,0.010056602670109107,-0.12033416270112215,-0.12033416270112215,-0.12033416270112215,0.833723070888082,0.833723070888082,0.833723070888082,1.0152236026902512,1.0152236026902512,1.0152236026902512,-0.07122297177115643,-0.07122297177115643,-0.07122297177115643,-1.6905324748967183,-1.6905324748967183,-1.6905324748967183,0.0,0.0,0.0,6.129098417188487
39,2011-04-02,6.968647539152322,-6.019108249468591,18.453502987834316,6.864722630138481,7.0760102648918854,-0.13912451622555982,-0.13912451622555982,-0.13912451622555982,0.004282793316549768,0.004282793316549768,0.004282793316549768,0.11382514715715128,0.11382514715715128,0.11382514715715128,1.2404557848185558,1.2404557848185558,1.2404557848185558,1.0581560251799966,1.0581560251799966,1.0581560251799966,0.0641918191648579,0.0641918191648579,0.0641918191648579,-1.3795803010441157,-1.3795803010441157,-1.3795803010441157,0.0,0.0,0.0,6.829523022926762
40,2011-04-09,6.951387257107519,-6.072400431559448,18.414172287581557,6.843461025479372,7.060312187664539,-0.9092545208344675,-0.9092545208344675,-0.9092545208344675,-0.009659504142315978,-0.009659504142315978,-0.009659504142315978,-0.13346236040068754,-0.13346236040068754,-0.13346236040068754,0.8880346919504812,0.8880346919504812,0.8880346919504812,1.2377943192006555,1.2377943192006555,1.2377943192006555,-0.20663776270717074,-0.20663776270717074,-0.20663776270717074,-1.797289212784949,-1.797289212784949,-1.797289212784949,0.0,0.0,0.0,6.042132736273051
41,2011-04-16,6.934126975062718,-7.244335983325009,18.391307851476896,6.822255650082105,7.046651598844807,-1.2905055105156658,-1.2905055105156658,-1.2905055105156658,-0.0040482965596093075,-0.0040482965596093075,-0.0040482965596093075,0.7604485620229293,0.7604485620229293,0.7604485620229293,1.31731785582673,1.31731785582673,1.31731785582673,0.5644331666665591,0.5644331666665591,0.5644331666665591,-0.0035155763031492625,-0.0035155763031492625,-0.0035155763031492625,-2.607823366342396,-2.607823366342396,-2.607823366342396,0.0,0.0,0.0,5.643621464547052
42,2011-04-23,6.916866693017915,-6.924249556452168,17.938513182854432,6.799944923157293,7.032591472274134,-1.4335669856405788,-1.4335669856405788,-1.4335669856405788,0.00654425603549634,0.00654425603549634,0.00654425603549634,0.8609389488769194,0.8609389488769194,0.8609389488769194,1.6270037793249925,1.6270037793249925,1.6270037793249925,0.5599139643117035,0.5599139643117035,0.5599139643117035,0.19960661010087344,0.19960661010087344,0.19960661010087344,-3.060570764965571,-3.060570764965571,-3.060570764965571,0.0,0.0,0.0,5.483299707377336
43,2011-04-30,6.89960641097311,-6.909649816965807,18.199687494232702,6.776967848680212,7.02146690041254,-1.2342008709635586,-1.2342008709635586,-1.2342008709635586,-0.00221902341737358,-0.00221902341737358,-0.00221902341737358,0.2980973053225068,0.2980973053225068,0.2980973053225068,1.7285584087798183,1.7285584087798183,1.7285584087798183,1.063805028103793,1.063805028103793,1.063805028103793,0.3688750987708919,0.3688750987708919,0.3688750987708919,-2.9627592797433766,-2.9627592797433766,-2.9627592797433766,0.0,0.0,0.0,5.6654055400095515
44,2011-05-07,6.882346128928307,-6.184359302147556,18.371334175191247,6.752104782229024,7.007445336220935,-1.0984397684588558,-1.0984397684588558,-1.0984397684588558,-0.00018455502721363666,-0.00018455502721363666,-0.00018455502721363666,0.3372432041545563,0.3372432041545563,0.3372432041545563,1.6797982488576968,1.6797982488576968,1.6797982488576968,1.3462551760335033,1.3462551760335033,1.3462551760335033,-0.0035155763031492625,-0.0035155763031492625,-0.0035155763031492625,-2.7782380173165526,-2.7782380173165526,-2.7782380173165526,0.0,0.0,0.0,5.783906360469452
45,2011-05-14,6.865085846883504,-8.267359601871446,16.693696449425335,6.728108214150811,6.995384285613859,-2.259169715182699,-2.259169715182699,-2.259169715182699,-0.004230971414612305,-0.004230971414612305,-0.004230971414612305,1.6013693044465398,1.6013693044465398,1.6013693044465398,0.6519107748838584,0.6519107748838584,0.6519107748838584,-1.043273075046931,-1.043273075046931,-1.043273075046931,0.09804551689886208,0.09804551689886208,0.09804551689886208,-2.9110804900665572,-2.9110804900665572,-2.9110804900665572,0.0,0.0,0.0,4.6059161317008055
46,2011-05-21,6.847825564838703,-5.793106925179098,17.892501352528175,6.706363859428173,6.982202461474504,-1.4602494868436375,-1.4602494868436375,-1.4602494868436375,0.014652759314770886,0.014652759314770886,0.014652759314770886,1.25024968712675,1.25024968712675,1.25024968712675,1.7665462459097452,1.7665462459097452,1.7665462459097452,0.0650613052293252,0.0650613052293252,0.0650613052293252,0.43658249423889905,0.43658249423889905,0.43658249423889905,-3.226795732753383,-3.226795732753383,-3.226795732753383,0.0,0.0,0.0,5.387576077995066
47,2011-05-28,6.8305652827939,-8.526257085538875,16.772770741127676,6.684412816871644,6.9693446513160975,-2.55297804694965,-2.55297804694965,-2.55297804694965,-0.001777698938661061,-0.001777698938661061,-0.001777698938661061,0.03863637796725373,0.03863637796725373,0.03863637796725373,0.824342028133355,0.824342028133355,0.824342028133355,0.3509008548658632,0.3509008548658632,0.3509008548658632,0.43658249423889905,0.43658249423889905,0.43658249423889905,-3.3773200750830044,-3.3773200750830044,-3.3773200750830044,0.0,0.0,0.0,4.27758723584425
48,2011-06-04,6.813305000749098,-7.398578042439671,16.69219565284626,6.661559675192468,6.957711217670978,-2.204038070968613,-2.204038070968613,-2.204038070968613,0.010882432846217479,0.010882432846217479,0.010882432846217479,0.8124839642879449,0.8124839642879449,0.8124839642879449,1.1465017031506683,1.1465017031506683,1.1465017031506683,-0.11344718822239312,-0.11344718822239312,-0.11344718822239312,0.43658249423889905,0.43658249423889905,0.43658249423889905,-3.350539774119281,-3.350539774119281,-3.350539774119281,0.0,0.0,0.0,4.609266929780485
49,2011-06-11,6.796044718704294,-8.551014694010362,16.23227112625306,6.638813708157663,6.942221800525512,-2.507417931480087,-2.507417931480087,-2.507417931480087,-0.00035016054756827205,-0.00035016054756827205,-0.00035016054756827205,1.196543423491239,1.196543423491239,1.196543423491239,0.9329620618954269,0.9329620618954269,0.9329620618954269,-0.6998136952871431,-0.6998136952871431,-0.6998136952871431,0.43658249423889905,0.43658249423889905,0.43658249423889905,-3.4403799933755144,-3.4403799933755144,-3.4403799933755144,0.0,0.0,0.0,4.2886267872242065
50,2011-06-18,6.778784436659491,-9.316539004509952,15.592021091598465,6.615126691899993,6.930156127067543,-3.24293195396997,-3.24293195396997,-3.24293195396997,-0.006777128274819706,-0.006777128274819706,-0.006777128274819706,0.24391365248539343,0.24391365248539343,0.24391365248539343,0.49022419352912444,0.49022419352912444,0.49022419352912444,-0.1834948249203483,-0.1834948249203483,-0.1834948249203483,0.43658249423889905,0.43658249423889905,0.43658249423889905,-3.733156147499094,-3.733156147499094,-3.733156147499094,0.0,0.0,0.0,3.5358524826895206
51,2011-06-25,6.76152415461469,-8.500682653695419,15.879165075706494,6.592006953021557,6.917124815880449,-2.7189926904476427,-2.7189926904476427,-2.7189926904476427,0.005876671420628461,0.005876671420628461,0.005876671420628461,2.4179432074422924,2.4179432074422924,2.4179432074422924,1.1844409667935676,1.1844409667935676,1.1844409667935676,-1.6759614063082522,-1.6759614063082522,-1.6759614063082522,0.43658249423889905,0.43658249423889905,0.43658249423889905,-3.90343365724121,-3.90343365724121,-3.90343365724121,0.0,0.0,0.0,4.0425314641670465
52,2011-07-02,6.744263872569887,-8.150796771237744,16.699374964640512,6.569131513568096,6.903956742473044,-2.2511930112304848,-2.2511930112304848,-2.2511930112304848,0.006797449448704017,0.006797449448704017,0.006797449448704017,1.5557786538979599,1.5557786538979599,1.5557786538979599,1.3931183514186756,1.3931183514186756,1.3931183514186756,-0.6060402461668872,-0.6060402461668872,-0.6060402461668872,0.43658249423889905,0.43658249423889905,0.43658249423889905,-3.64431136264916,-3.64431136264916,-3.64431136264916,0.0,0.0,0.0,4.493070861339402
53,2011-07-09,6.727003590525084,-6.9566315855761,17.121316977702502,6.545174082016926,6.890325481485606,-1.663731632467944,-1.663731632467944,-1.663731632467944,0.01131945263760772,0.01131945263760772,0.01131945263760772,1.568668157330926,1.568668157330926,1.568668157330926,1.4579814828851436,1.4579814828851436,1.4579814828851436,-0.5585886213222891,-0.5585886213222891,-0.5585886213222891,0.43658249423889905,0.43658249423889905,0.43658249423889905,-3.1217131153530877,-3.1217131153530877,-3.1217131153530877,0.0,0.0,0.0,5.06327195805714
54,2011-07-16,6.709743308480281,-8.630864217965291,14.949122242291535,6.5238993855939,6.877901385040728,-3.3477367521057224,-3.3477367521057224,-3.3477367521057224,-0.00748563446845143,-0.00748563446845143,-0.00748563446845143,1.8505663683098297,1.8505663683098297,1.8505663683098297,-0.5666917913565912,-0.5666917913565912,-0.5666917913565912,-1.8307440874167575,-1.8307440874167575,-1.8307440874167575,-0.5790284377812119,-0.5790284377812119,-0.5790284377812119,-2.781044960749131,-2.781044960749131,-2.781044960749131,0.0,0.0,0.0,3.3620065563745585
55,2011-07-23,6.692483026435477,-8.65293383414202,15.966788203920041,6.501393635786461,6.866635706121031,-3.267390645344563,-3.267390645344563,-3.267390645344563,-0.006175126382782783,-0.006175126382782783,-0.006175126382782783,0.8115291863857463,0.8115291863857463,0.8115291863857463,-0.5191236168039489,-0.5191236168039489,-0.5191236168039489,-1.1178399140997417,-1.1178399140997417,-1.1178399140997417,-0.20663776270717074,-0.20663776270717074,-0.20663776270717074,-2.748267028540614,-2.748267028540614,-2.748267028540614,0.0,0.0,0.0,3.425092381090914
56,2011-07-30,6.675222744390675,-7.755024768474442,17.13664180656798,6.476730036009602,6.853937430338321,-2.37647895914343,-2.37647895914343,-2.37647895914343,0.004316347207855967,0.004316347207855967,0.004316347207855967,1.2765060826929462,1.2765060826929462,1.2765060826929462,0.29399384990392113,0.29399384990392113,0.29399384990392113,-0.9156056082257245,-0.9156056082257245,-0.9156056082257245,-0.07122297177115643,-0.07122297177115643,-0.07122297177115643,-2.670472809047351,-2.670472809047351,-2.670472809047351,0.0,0.0,0.0,4.298743785247245
57,2011-08-06,6.657962462345873,-8.413431666759907,15.60215721402461,6.454388812448448,6.843343793622344,-2.7522897303985405,-2.7522897303985405,-2.7522897303985405,-0.01476861412924259,-0.01476861412924259,-0.01476861412924259,0.9841053136212543,0.9841053136212543,0.9841053136212543,-0.5009658936475897,-0.5009658936475897,-0.5009658936475897,-1.3313722259004377,-1.3313722259004377,-1.3313722259004377,-0.13893036723916358,-0.13893036723916358,-0.13893036723916358,-2.251323836750951,-2.251323836750951,-2.251323836750951,0.0,0.0,0.0,3.9056727319473326
58,2011-08-13,6.64070218030107,-8.175683749715159,17.01227773641782,6.43217043507109,6.830315348464963,-2.42718212147289,-2.42718212147289,-2.42718212147289,-0.0068927597500726915,-0.0068927597500726915,-0.0068927597500726915,0.4374948964077213,0.4374948964077213,0.4374948964077213,-0.6893009930452983,-0.6893009930452983,-0.6893009930452983,-0.8455579715277678,-0.8455579715277678,-0.8455579715277678,-0.2743451581751791,-0.2743451581751791,-0.2743451581751791,-1.737881128427592,-1.737881128427592,-1.737881128427592,0.0,0.0,0.0,4.2135200588281805
59,2011-08-20,6.623441898256267,-9.690921356117373,14.711179927435607,6.410060303034673,6.817040380888651,-3.618688694166737,-3.618688694166737,-3.618688694166737,-0.004545429982756184,-0.004545429982756184,-0.004545429982756184,0.587156351152012,0.587156351152012,0.587156351152012,-1.9984469334895303,-1.9984469334895303,-1.9984469334895303,-2.577542278355637,-2.577542278355637,-2.577542278355637,-0.0035155763031492625,-0.0035155763031492625,-0.0035155763031492625,-1.6202417606772062,-1.6202417606772062,-1.6202417606772062,0.0,0.0,0.0,3.00475320408953
60,2011-08-27,6.606181616211464,-11.362395554740893,14.534746051694388,6.388435229933761,6.804557776134569,-4.389236518023838,-4.389236518023838,-4.389236518023838,-0.002980007639396756,-0.002980007639396756,-0.002980007639396756,0.21431553367696304,0.21431553367696304,0.21431553367696304,-2.5026364386094753,-2.5026364386094753,-2.5026364386094753,-1.4240158744517513,-1.4240158744517513,-1.4240158744517513,-1.28995609019529,-1.28995609019529,-1.28995609019529,-1.8866000794143634,-1.8866000794143634,-1.8866000794143634,0.0,0.0,0.0,2.216945098187626
61,2011-09-03,6.588921334166663,-10.880821522265194,13.846804890551885,6.366959455545806,6.791085892921651,-4.572976258653211,-4.572976258653211,-4.572976258653211,-0.006750705068437541,-0.006750705068437541,-0.006750705068437541,0.2262502592077306,0.2262502592077306,0.2262502592077306,-2.697997796976667,-2.697997796976667,-2.697997796976667,-1.7629560518566851,-1.7629560518566851,-1.7629560518566851,-1.1545412992592745,-1.1545412992592745,-1.1545412992592745,-1.8749784616765441,-1.8749784616765441,-1.8749784616765441,0.0,0.0,0.0,2.0159450755134527
62,2011-09-10,6.571661052121859,-7.74589457465821,15.93059257145553,6.343831905220667,6.781157400048261,-2.3416275666768773,-2.3416275666768773,-2.3416275666768773,-0.000560670319697067,-0.000560670319697067,-0.000560670319697067,0.013573454736873327,0.013573454736873327,0.013573454736873327,-1.3028296878240093,-1.3028296878240093,-1.3028296878240093,-1.447741686874052,-1.447741686874052,-1.447741686874052,0.13189921463286625,0.13189921463286625,0.13189921463286625,-1.0387978788528678,-1.0387978788528678,-1.0387978788528678,0.0,0.0,0.0,4.230033485444981
63,2011-09-17,6.554400770077056,-6.50699816449113,18.582671029907942,6.3224815354568005,6.768438104791787,-0.5818678670985543,-0.5818678670985543,-0.5818678670985543,0.012085844123957318,0.012085844123957318,0.012085844123957318,-0.5834015030369067,-0.5834015030369067,-0.5834015030369067,-0.9030614958671405,-0.9030614958671405,-0.9030614958671405,-0.4297913538530531,-0.4297913538530531,-0.4297913538530531,0.09804551689886208,0.09804551689886208,0.09804551689886208,0.3211936287685861,0.3211936287685861,0.3211936287685861,0.0,0.0,0.0,5.972532902978501
64,2011-09-24,6.537140488032254,-4.347416388429565,20.033672342725623,6.298899250404227,6.757114757111069,1.0456051941967885,1.0456051941967885,1.0456051941967885,-0.012956564888524959,-0.012956564888524959,-0.012956564888524959,0.0016387295402365825,0.0016387295402365825,0.0016387295402365825,-0.33172534640885415,-0.33172534640885415,-0.33172534640885415,-0.38459933022542364,-0.38459933022542364,-0.38459933022542364,0.0641918191648579,0.0641918191648579,0.0641918191648579,1.3773305406056426,1.3773305406056426,1.3773305406056426,0.0,0.0,0.0,7.582745682229042
65,2011-10-01,6.519880205987451,-3.5812539767458262,21.11472606075041,6.276406638423749,6.745802837040124,2.444018888046276,2.444018888046276,2.444018888046276,-0.008386169388819954,-0.008386169388819954,-0.008386169388819954,0.010231731661751996,0.010231731661751996,0.010231731661751996,0.6335373897592578,0.6335373897592578,0.6335373897592578,0.2966704264494379,0.2966704264494379,0.2966704264494379,0.33502140103688777,0.33502140103688777,0.33502140103688777,1.8104814982870179,1.8104814982870179,1.8104814982870179,0.0,0.0,0.0,8.963899094033726
66,2011-10-08,6.50261992394265,-2.9315851805264965,21.625992690838185,6.251103698634075,6.732694771251976,2.7970891256010573,2.7970891256010573,2.7970891256010573,-0.01207847822987177,-0.01207847822987177,-0.01207847822987177,0.47711818410728996,0.47711818410728996,0.47711818410728996,0.6136204003189748,0.6136204003189748,0.6136204003189748,0.1859499684787089,0.1859499684787089,0.1859499684787089,-0.03736927403715224,-0.03736927403715224,-0.03736927403715224,2.1834687252820824,2.1834687252820824,2.1834687252820824,0.0,0.0,0.0,9.299709049543708
67,2011-10-15,6.485359641897847,-2.460124662141884,22.054402491532176,6.227188461742882,6.719232972260701,3.2027212552249504,3.2027212552249504,3.2027212552249504,-0.00040426410420649645,-0.00040426410420649645,-0.00040426410420649645,-0.6318564876259762,-0.6318564876259762,-0.6318564876259762,0.15227671577868027,0.15227671577868027,0.15227671577868027,0.720345648344005,0.720345648344005,0.720345648344005,0.0641918191648579,0.0641918191648579,0.0641918191648579,3.05044453944627,3.05044453944627,3.05044453944627,0.0,0.0,0.0,9.688080897122797
68,2011-10-22,6.468099359853042,-1.8429824983844894,22.853264866144908,6.203397042740526,6.707259527990263,4.131391286881804,4.131391286881804,4.131391286881804,-0.0012440748536829125,-0.0012440748536829125,-0.0012440748536829125,-1.602627040944069,-1.602627040944069,-1.602627040944069,0.1969224039141428,0.1969224039141428,0.1969224039141428,1.2626499322709843,1.2626499322709843,1.2626499322709843,0.5381435874409105,0.5381435874409105,0.5381435874409105,3.934468882967662,3.934468882967662,3.934468882967662,0.0,0.0,0.0,10.599490646734846
69,2011-10-29,6.450839077808239,-1.0489782551170266,22.817279153816063,6.18230894753528,6.692997787792469,4.177024959981599,4.177024959981599,4.177024959981599,-0.0181724599735264,-0.0181724599735264,-0.0181724599735264,-0.1317914988631269,-0.1317914988631269,-0.1317914988631269,0.4798714676557711,0.4798714676557711,0.4798714676557711,0.6333510027955737,0.6333510027955737,0.6333510027955737,-0.0035155763031492625,-0.0035155763031492625,-0.0035155763031492625,3.697153492325828,3.697153492325828,3.697153492325828,0.0,0.0,0.0,10.627864037789838
70,2011-11-05,6.433578795763438,-3.7658070355598734,21.04227261101487,6.158140033119724,6.67838173039375,2.3589437352110316,2.3589437352110316,2.3589437352110316,-0.013649905496120633,-0.013649905496120633,-0.013649905496120633,-0.27023431204623777,-0.27023431204623777,-0.27023431204623777,0.24192891445909454,0.24192891445909454,0.24192891445909454,0.461621312836595,0.461621312836595,0.461621312836595,0.0641918191648579,0.0641918191648579,0.0641918191648579,2.1170148207519373,2.1170148207519373,2.1170148207519373,0.0,0.0,0.0,8.79252253097447
71,2011-11-12,6.416318513718635,-5.374824898657042,19.602427238510053,6.137532008883986,6.6659717733535535,0.7323697534664336,0.7323697534664336,0.7323697534664336,-0.000678803202125357,-0.000678803202125357,-0.000678803202125357,-0.7714927733120631,-0.7714927733120631,-0.7714927733120631,0.021484935717362166,0.021484935717362166,0.021484935717362166,0.7971720885346999,0.7971720885346999,0.7971720885346999,-0.0035155763031492625,-0.0035155763031492625,-0.0035155763031492625,0.7108848177490715,0.7108848177490715,0.7108848177490715,0.0,0.0,0.0,7.148688267185069
72,2011-11-19,6.399058231673832,-2.570060440911627,20.985225382391747,6.115811000828743,6.655526778234747,2.3363819134537502,2.3363819134537502,2.3363819134537502,0.004180789486978916,0.004180789486978916,0.004180789486978916,-0.03273327911293795,-0.03273327911293795,-0.03273327911293795,0.9300952289596954,0.9300952289596954,0.9300952289596954,0.9960169926228066,0.9960169926228066,0.9960169926228066,-0.03736927403715224,-0.03736927403715224,-0.03736927403715224,1.4062866844940547,1.4062866844940547,1.4062866844940547,0.0,0.0,0.0,8.735440145127583
73,2011-11-26,6.381797949629029,-1.771221226179409,22.882556286296946,6.094353456639325,6.645649605309911,4.248537465670534,4.248537465670534,4.248537465670534,-0.0062447458770284675,-0.0062447458770284675,-0.0062447458770284675,-0.814457784253866,-0.814457784253866,-0.814457784253866,0.008179400521625121,0.008179400521625121,0.008179400521625121,1.0016659956256873,1.0016659956256873,1.0016659956256873,-0.17278406497316776,-0.17278406497316776,-0.17278406497316776,4.240358065148909,4.240358065148909,4.240358065148909,0.0,0.0,0.0,10.630335415299562
74,2011-12-03,6.364537667584226,1.9507798675160952,26.08246257183956,6.070795151114969,6.639468542064226,7.100867330414978,7.100867330414978,7.100867330414978,-0.007905293824255298,-0.007905293824255298,-0.007905293824255298,-0.7824727204394833,-0.7824727204394833,-0.7824727204394833,0.3204299041154993,0.3204299041154993,0.3204299041154993,0.8434939128103573,0.8434939128103573,0.8434939128103573,0.26731400556888063,0.26731400556888063,0.26731400556888063,6.780437426299478,6.780437426299478,6.780437426299478,0.0,0.0,0.0,13.465404997999205
75,2011-12-10,6.347277385539424,0.7928583190111222,24.86502679199411,6.041240633618099,6.631791765753983,7.114915417297463,7.114915417297463,7.114915417297463,0.0014365551831988618,0.0014365551831988618,0.0014365551831988618,-0.38862678677871565,-0.38862678677871565,-0.38862678677871565,0.7903565617087465,0.7903565617087465,0.7903565617087465,0.9779401832033898,0.9779401832033898,0.9779401832033898,0.19960661010087344,0.19960661010087344,0.19960661010087344,6.324558855588716,6.324558855588716,6.324558855588716,0.0,0.0,0.0,13.462192802836888
76,2011-12-17,6.3300171034946215,-1.5600580942419426,23.63355976104063,6.020531834901447,6.620452974401444,4.35401318034458,4.35401318034458,4.35401318034458,-0.0037922204742809667,-0.0037922204742809667,-0.0037922204742809667,0.6263022501511742,0.6263022501511742,0.6263022501511742,1.5888244323643745,1.5888244323643745,1.5888244323643745,0.8005614903206121,0.8005614903206121,0.8005614903206121,0.16575291236686923,0.16575291236686923,0.16575291236686923,2.765188747980205,2.765188747980205,2.765188747980205,0.0,0.0,0.0,10.684030283839203
77,2011-12-24,6.312756821449819,-5.574985590300704,18.903408152246534,5.995695908608077,6.609754331122704,0.6591281514702392,0.6591281514702392,0.6591281514702392,-0.005018268070094332,-0.005018268070094332,-0.005018268070094332,0.48547249196215864,0.48547249196215864,0.48547249196215864,1.6803147888856262,1.6803147888856262,1.6803147888856262,0.7632780707546629,0.7632780707546629,0.7632780707546629,0.43658249423889905,0.43658249423889905,0.43658249423889905,-1.021186637415387,-1.021186637415387,-1.021186637415387,0.0,0.0,0.0,6.971884972920058
78,2012-01-01,6.293030784827186,-6.790201969018318,17.79469048988912,5.968543632807728,6.595123838228996,-0.48049232854096585,-0.48049232854096585,-0.48049232854096585,0.004535298907187098,0.004535298907187098,0.004535298907187098,-0.3208375470403869,-0.3208375470403869,-0.3208375470403869,1.188725436623357,1.188725436623357,1.188725436623357,1.1700062837196692,1.1700062837196692,1.1700062837196692,0.33502140103688777,0.33502140103688777,0.33502140103688777,-1.6692177651643225,-1.6692177651643225,-1.6692177651643225,0.0,0.0,0.0,5.81253845628622
79,2012-01-08,6.275770502782383,-2.5295934362188626,21.85312537882033,5.943601165541383,6.5826512940486674,3.1512982315837386,3.1512982315837386,3.1512982315837386,-0.0005006829175507174,-0.0005006829175507174,-0.0005006829175507174,0.9311151334541348,0.9311151334541348,0.9311151334541348,1.9259407884722135,1.9259407884722135,1.9259407884722135,0.5248901459627259,0.5248901459627259,0.5248901459627259,0.4704361919729033,0.4704361919729033,0.4704361919729033,1.225357443111525,1.225357443111525,1.225357443111525,0.0,0.0,0.0,9.427068734366122
80,2012-01-15,6.258510220737582,0.07721713198561031,24.397388407308245,5.922584708743079,6.570503835041254,6.202786823948928,6.202786823948928,6.202786823948928,0.0026712507953742123,0.0026712507953742123,0.0026712507953742123,0.6184253313309376,0.6184253313309376,0.6184253313309376,1.5973775900995382,1.5973775900995382,1.5973775900995382,0.6412596069363387,0.6412596069363387,0.6412596069363387,0.33502140103688777,0.33502140103688777,0.33502140103688777,4.60540923384939,4.60540923384939,4.60540923384939,0.0,0.0,0.0,12.46129704468651
81,2012-01-22,6.241249938692779,0.25461052773105763,25.425229915643524,5.903123425634972,6.556122453698017,6.552584229606067,6.552584229606067,6.552584229606067,0.002807787439759623,0.002807787439759623,0.002807787439759623,0.38832382835035534,0.38832382835035534,0.38832382835035534,0.6223087134842595,0.6223087134842595,0.6223087134842595,0.37010746493330815,0.37010746493330815,0.37010746493330815,-0.13893036723916358,-0.13893036723916358,-0.13893036723916358,5.930275516121808,5.930275516121808,5.930275516121808,0.0,0.0,0.0,12.793834168298847
82,2012-01-29,6.223989656647975,-0.8522678911535256,23.747164040308633,5.8770293587628535,6.542721958273177,5.593645771317106,5.593645771317106,5.593645771317106,-0.005226564959871334,-0.005226564959871334,-0.005226564959871334,0.4508617887081117,0.4508617887081117,0.4508617887081117,0.5059705120134088,0.5059705120134088,0.5059705120134088,-0.00385653089968936,-0.00385653089968936,-0.00385653089968936,0.0641918191648579,0.0641918191648579,0.0641918191648579,5.087675259303696,5.087675259303696,5.087675259303696,0.0,0.0,0.0,11.81763542796508
83,2012-02-05,6.206729374603173,-0.6618189879993382,23.57959080576457,5.849451590023955,6.531317566271468,5.296401244784457,5.296401244784457,5.296401244784457,0.007638550831542766,0.007638550831542766,0.007638550831542766,0.38665296664577675,0.38665296664577675,0.38665296664577675,1.4553882097949877,1.4553882097949877,1.4553882097949877,0.7937826867487876,0.7937826867487876,0.7937826867487876,0.26731400556888063,0.26731400556888063,0.26731400556888063,3.8410130349894698,3.8410130349894698,3.8410130349894698,0.0,0.0,0.0,11.50313061938763
84,2012-02-12,6.189469092558371,-1.2978964438470493,22.931808760270837,5.820324966686616,6.521152715445414,4.625813928130495,4.625813928130495,4.625813928130495,0.004767839610482925,0.004767839610482925,0.004767839610482925,-0.07975609676522412,-0.07975609676522412,-0.07975609676522412,1.1397613156234045,1.1397613156234045,1.1397613156234045,0.947435567209265,0.947435567209265,0.947435567209265,0.26731400556888063,0.26731400556888063,0.26731400556888063,3.486052612507091,3.486052612507091,3.486052612507091,0.0,0.0,0.0,10.815283020688867
85,2012-02-19,6.172208810513569,-1.8451214834905236,22.329054515765236,5.792426941940632,6.508914654560913,4.238834833342324,4.238834833342324,4.238834833342324,-0.002639226333336038,-0.002639226333336038,-0.002639226333336038,0.1799435250237885,0.1799435250237885,0.1799435250237885,0.7041262712809214,0.7041262712809214,0.7041262712809214,0.3610690602235997,0.3610690602235997,0.3610690602235997,0.16575291236686923,0.16575291236686923,0.16575291236686923,3.5347085620614025,3.5347085620614025,3.5347085620614025,0.0,0.0,0.0,10.411043643855892
86,2012-02-26,6.154948528468766,-2.836156948186336,20.720384838217704,5.768040815730875,6.497463147237634,2.6295511678127137,2.6295511678127137,2.6295511678127137,0.0098736959648015,0.0098736959648015,0.0098736959648015,-0.0468162550487378,-0.0468162550487378,-0.0468162550487378,-0.08066988527668456,-0.08066988527668456,-0.08066988527668456,-0.2094802385596175,-0.2094802385596175,-0.2094802385596175,0.16575291236686923,0.16575291236686923,0.16575291236686923,2.7102210530893984,2.7102210530893984,2.7102210530893984,0.0,0.0,0.0,8.784499696281479
87,2012-03-04,6.137688246423963,-5.035337159570582,19.564556924426146,5.7440525166277725,6.483306035893725,1.62715288056984,1.62715288056984,1.62715288056984,-0.0022233667464132884,-0.0022233667464132884,-0.0022233667464132884,1.2614683290220605,1.2614683290220605,1.2614683290220605,0.8771016188018712,0.8771016188018712,0.8771016188018712,-0.10779818529859687,-0.10779818529859687,-0.10779818529859687,-0.2743451581751791,-0.2743451581751791,-0.2743451581751791,0.7500512617679692,0.7500512617679692,0.7500512617679692,0.0,0.0,0.0,7.764841126993803
88,2012-03-11,6.120427964379158,-6.191475114978129,17.964775692404224,5.717969525393258,6.472004795107309,-0.08994676334541715,-0.08994676334541715,-0.08994676334541715,0.002869240651054011,0.002869240651054011,0.002869240651054011,0.40169072048368026,0.40169072048368026,0.40169072048368026,1.1268374360273947,1.1268374360273947,1.1268374360273947,0.5565245625257913,0.5565245625257913,0.5565245625257913,0.16575291236686923,0.16575291236686923,0.16575291236686923,-1.216784199372812,-1.216784199372812,-1.216784199372812,0.0,0.0,0.0,6.030481201033741
89,2012-03-18,6.103167682334359,-7.418046625162629,18.140232784395852,5.6913950833633,6.462758762851164,-0.9816651438528532,-0.9816651438528532,-0.9816651438528532,0.005408557927275388,0.005408557927275388,0.005408557927275388,0.8201221885072618,0.8201221885072618,0.8201221885072618,1.0303192304245172,1.0303192304245172,1.0303192304245172,0.00518187388910649,0.00518187388910649,0.00518187388910649,0.19960661010087344,0.19960661010087344,0.19960661010087344,-2.01198437427737,-2.01198437427737,-2.01198437427737,0.0,0.0,0.0,5.121502538481506
90,2012-03-25,6.085907400289554,-7.382233576750169,16.369719679544442,5.666106147972544,6.452419952854621,-1.3673982841500438,-1.3673982841500438,-1.3673982841500438,-0.0013949630319237405,-0.0013949630319237405,-0.0013949630319237405,0.6539908126541537,0.6539908126541537,0.6539908126541537,0.3414686633893952,0.3414686633893952,0.3414686633893952,-0.1721968189936712,-0.1721968189936712,-0.1721968189936712,-0.13893036723916358,-0.13893036723916358,-0.13893036723916358,-1.7088669475394391,-1.7088669475394391,-1.7088669475394391,0.0,0.0,0.0,4.7185091161395105
91,2012-04-01,6.068647118244751,-6.6740815799895055,17.09924601609753,5.641070723160821,6.441332012775332,-0.7526182526467508,-0.7526182526467508,-0.7526182526467508,0.002749330249623704,0.002749330249623704,0.002749330249623704,-0.0625700923551279,-0.0625700923551279,-0.0625700923551279,0.6266659739671854,0.6266659739671854,0.6266659739671854,0.8254171033118533,0.8254171033118533,0.8254171033118533,-0.13893036723916358,-0.13893036723916358,-0.13893036723916358,-1.379284226613936,-1.379284226613936,-1.379284226613936,0.0,0.0,0.0,5.316028865598001
92,2012-04-08,6.051386836199948,-6.158184498312402,17.692759506072118,5.615738938322354,6.429933230312551,-0.20757211545229437,-0.20757211545229437,-0.20757211545229437,0.004618203423886993,0.004618203423886993,0.004618203423886993,1.1371084916077316,1.1371084916077316,1.1371084916077316,1.5634772125751517,1.5634772125751517,1.5634772125751517,0.2559976051766641,0.2559976051766641,0.2559976051766641,0.16575291236686923,0.16575291236686923,0.16575291236686923,-1.7710493280274462,-1.7710493280274462,-1.7710493280274462,0.0,0.0,0.0,5.843814720747654
93,2012-04-15,6.034126554155146,-7.876588250663484,16.978005898601758,5.591975639673847,6.418759120033756,-1.0722605309242266,-1.0722605309242266,-1.0722605309242266,0.009217894497636846,0.009217894497636846,0.009217894497636846,-0.1821560395905344,-0.1821560395905344,-0.1821560395905344,1.5091053524484883,1.5091053524484883,1.5091053524484883,1.042338816898464,1.042338816898464,1.042338816898464,0.6397046806429217,0.6397046806429217,0.6397046806429217,-2.581365883372715,-2.581365883372715,-2.581365883372715,0.0,0.0,0.0,4.96186602323092
94,2012-04-22,6.016866272110345,-8.194312961432574,16.97298332845003,5.568685169325189,6.410334812410607,-1.3377927690865905,-1.3377927690865905,-1.3377927690865905,-0.006573321552608666,-0.006573321552608666,-0.006573321552608666,0.09377480853940538,0.09377480853940538,0.09377480853940538,1.7174354373546863,1.7174354373546863,1.7174354373546863,1.1259440606609832,1.1259440606609832,1.1259440606609832,0.5042898897069062,0.5042898897069062,0.5042898897069062,-3.055228206441276,-3.055228206441276,-3.055228206441276,0.0,0.0,0.0,4.679073503023755
95,2012-04-29,5.999605990065542,-9.067985863193435,16.503954146245967,5.540798325645649,6.3998688805662916,-1.925327562442767,-1.925327562442767,-1.925327562442767,-0.015377744130089058,-0.015377744130089058,-0.015377744130089058,0.11334775795545388,0.11334775795545388,0.11334775795545388,1.0460060069423531,1.0460060069423531,1.0460060069423531,0.6130145920801007,0.6130145920801007,0.6130145920801007,0.33502140103688777,0.33502140103688777,0.33502140103688777,-2.97133356938512,-2.97133356938512,-2.97133356938512,0.0,0.0,0.0,4.074278427622775
96,2012-05-06,5.982345708020738,-8.431813992757991,16.19117795830959,5.519138973940205,6.384979247918379,-2.0214220893421015,-2.0214220893421015,-2.0214220893421015,0.004283898469668413,0.004283898469668413,0.004283898469668413,-0.0625700923550804,-0.0625700923550804,-0.0625700923550804,0.7588542107295024,0.7588542107295024,0.7588542107295024,0.6175337945140409,0.6175337945140409,0.6175337945140409,0.19960661010087344,0.19960661010087344,0.19960661010087344,-2.7802763000716038,-2.7802763000716038,-2.7802763000716038,0.0,0.0,0.0,3.960923618678636
97,2012-05-13,5.965085425975935,-8.186745802064818,16.130401156097417,5.497408971119376,6.370690704986234,-2.295625247381903,-2.295625247381903,-2.295625247381903,-0.003989476137329507,-0.003989476137329507,-0.003989476137329507,1.7842092956752071,1.7842092956752071,1.7842092956752071,0.60535966091446,0.60535966091446,0.60535966091446,-0.5619780231082013,-0.5619780231082013,-0.5619780231082013,-0.6128821355152161,-0.6128821355152161,-0.6128821355152161,-2.9009849082963632,-2.9009849082963632,-2.9009849082963632,0.0,0.0,0.0,3.6694601785940315
98,2012-05-20,5.947825143931132,-7.338773664583102,17.277417226636356,5.466983151422716,6.357250350765814,-1.454284907983212,-1.454284907983212,-1.454284907983212,-0.013899482044576379,-0.013899482044576379,-0.013899482044576379,0.8781249532870631,0.8781249532870631,0.8781249532870631,1.76255023837699,1.76255023837699,1.76255023837699,0.5633033660976157,0.5633033660976157,0.5633033660976157,0.33502140103688777,0.33502140103688777,0.33502140103688777,-3.2168351463602023,-3.2168351463602023,-3.2168351463602023,0.0,0.0,0.0,4.49354023594792
99,2012-05-27,5.930564861886331,-8.749378966761535,14.643764489466543,5.44339649462359,6.345984423039841,-2.6308797236340618,-2.6308797236340618,-2.6308797236340618,0.00628774716293273,0.00628774716293273,0.00628774716293273,1.1772091685089976,1.1772091685089976,1.1772091685089976,0.7454288630428507,0.7454288630428507,0.7454288630428507,-0.6376746627299528,-0.6376746627299528,-0.6376746627299528,0.19960661010087344,0.19960661010087344,0.19960661010087344,-3.3763085866769122,-3.3763085866769122,-3.3763085866769122,0.0,0.0,0.0,3.299685138252269
100,2012-06-03,5.913304579841528,-9.921919173357177,14.488826625555541,5.418617425177196,6.333391283980008,-3.2868055994521153,-3.2868055994521153,-3.2868055994521153,0.0023908226997182347,0.0023908226997182347,0.0023908226997182347,0.4246053929748501,0.4246053929748501,0.4246053929748501,0.06446352264128186,0.06446352264128186,0.06446352264128186,-0.6975540940701743,-0.6975540940701743,-0.6975540940701743,0.33502140103688777,0.33502140103688777,0.33502140103688777,-3.351269122093397,-3.351269122093397,-3.351269122093397,0.0,0.0,0.0,2.6264989803894125
101,2012-06-10,5.896044297796725,-9.370860586098171,15.93844351072681,5.390572320411728,6.323330868678919,-3.145303065563292,-3.145303065563292,-3.145303065563292,0.0066156504726295525,0.0066156504726295525,0.0066156504726295525,0.5549325929039172,0.5549325929039172,0.5549325929039172,0.2875028765585849,0.2875028765585849,0.2875028765585849,-0.30438348824881667,-0.30438348824881667,-0.30438348824881667,0.030338121430854917,0.030338121430854917,0.030338121430854917,-3.432805942121877,-3.432805942121877,-3.432805942121877,0.0,0.0,0.0,2.750741232233433
102,2012-06-17,5.878784015751921,-9.744378626505902,14.351721914838457,5.365831703538655,6.313270453377829,-3.8996166051947365,-3.8996166051947365,-3.8996166051947365,0.006910368275393054,0.006910368275393054,0.006910368275393054,1.9388833350321795,1.9388833350321795,1.9388833350321795,-0.17745383202490697,-0.17745383202490697,-0.17745383202490697,-0.9687062360732048,-0.9687062360732048,-0.9687062360732048,-1.1545412992592745,-1.1545412992592745,-1.1545412992592745,-3.7221627731698295,-3.7221627731698295,-3.7221627731698295,0.0,0.0,0.0,1.9791674105571846
103,2012-06-24,5.861523733707118,-10.410484800705213,14.288050863101276,5.341037152383551,6.304403613297733,-3.9272256007484647,-3.9272256007484647,-3.9272256007484647,-0.007353144899938727,-0.007353144899938727,-0.007353144899938727,0.6148449138220567,0.6148449138220567,0.6148449138220567,-0.023167384655297513,-0.023167384655297513,-0.023167384655297513,-0.32246029766823336,-0.32246029766823336,-0.32246029766823336,-0.3081988559091821,-0.3081988559091821,-0.3081988559091821,-3.9040582160931674,-3.9040582160931674,-3.9040582160931674,0.0,0.0,0.0,1.9342981329586535
104,2012-07-01,5.844263451662317,-10.708479785662286,12.91946006294145,5.314932796264511,6.29304303997849,-4.390392990435984,-4.390392990435984,-4.390392990435984,0.005465598254438681,0.005465598254438681,0.005465598254438681,0.24653929209217065,0.24653929209217065,0.24653929209217065,-0.7298206471384552,-0.7298206471384552,-0.7298206471384552,-0.5043581929058639,-0.5043581929058639,-0.5043581929058639,-0.4774673445792006,-0.4774673445792006,-0.4774673445792006,-3.6605723432975297,-3.6605723432975297,-3.6605723432975297,0.0,0.0,0.0,1.453870461226333
105,2012-07-08,5.827003169617514,-8.352176970691868,15.216297245185757,5.289570613043732,6.283089207474566,-2.716776316914554,-2.716776316914554,-2.716776316914554,0.0007936317123981002,0.0007936317123981002,0.0007936317123981002,1.6875380209309228,1.6875380209309228,1.6875380209309228,0.42284552664662317,0.42284552664662317,0.42284552664662317,-0.8557261768855043,-0.8557261768855043,-0.8557261768855043,-0.40975994911119346,-0.40975994911119346,-0.40975994911119346,-3.1396218435611774,-3.1396218435611774,-3.1396218435611774,0.0,0.0,0.0,3.11022685270296
106,2012-07-15,5.809742887572711,-10.005528610325767,14.49943808401224,5.26316072669257,6.272226014503742,-3.2253310039520087,-3.2253310039520087,-3.2253310039520087,0.005615381279560867,0.005615381279560867,0.005615381279560867,1.1874730323351865,1.1874730323351865,1.1874730323351865,-0.43837246398211455,-0.43837246398211455,-0.43837246398211455,-1.1539935330176614,-1.1539935330176614,-1.1539935330176614,-0.4774673445792006,-0.4774673445792006,-0.4774673445792006,-2.786958539969894,-2.786958539969894,-2.786958539969894,0.0,0.0,0.0,2.5844118836207026
107,2012-07-22,5.792482605527908,-10.00543294324177,15.238783130411159,5.242435486528551,6.263245291319527,-3.482012681803596,-3.482012681803596,-3.482012681803596,0.0004373911432488208,0.0004373911432488208,0.0004373911432488208,0.32912759090060745,0.32912759090060745,0.32912759090060745,-0.7346150385757746,-0.7346150385757746,-0.7346150385757746,-0.48515158283841897,-0.48515158283841897,-0.48515158283841897,-0.5790284377812119,-0.5790284377812119,-0.5790284377812119,-2.747397643227821,-2.747397643227821,-2.747397643227821,0.0,0.0,0.0,2.3104699237243125
108,2012-07-29,5.775222323483104,-11.044121947489257,14.502750575526868,5.218918582945718,6.253405801185511,-3.667858784148257,-3.667858784148257,-3.667858784148257,-0.015484467401415987,-0.015484467401415987,-0.015484467401415987,3.0113377478743044,3.0113377478743044,3.0113377478743044,-0.9891040296536466,-0.9891040296536466,-0.9891040296536466,-2.661147522197242,-2.661147522197242,-2.661147522197242,-1.3238097879292932,-1.3238097879292932,-1.3238097879292932,-2.6787547544946104,-2.6787547544946104,-2.6787547544946104,0.0,0.0,0.0,2.107363539334847
109,2012-08-05,5.757962041438303,-9.951615109937283,14.782374292711062,5.189461750503536,6.243542762969112,-2.9173539724418402,-2.9173539724418402,-2.9173539724418402,0.00020738018438774876,0.00020738018438774876,0.00020738018438774876,1.1036912608566607,1.1036912608566607,1.1036912608566607,-0.6463928987393032,-0.6463928987393032,-0.6463928987393032,-1.4420926838711694,-1.4420926838711694,-1.4420926838711694,-0.3081988559091821,-0.3081988559091821,-0.3081988559091821,-2.2709610737025367,-2.2709610737025367,-2.2709610737025367,0.0,0.0,0.0,2.8406080689964623
110,2012-08-12,5.740701759393501,-10.589362412633077,13.532019396788877,5.1650630696744875,6.233344941629012,-3.7746097781456633,-3.7746097781456633,-3.7746097781456633,-0.0030635484563770812,-0.0030635484563770812,-0.0030635484563770812,0.9757510059334509,0.9757510059334509,0.9757510059334509,-2.022967734549599,-2.022967734549599,-2.022967734549599,-2.0103823814374167,-2.0103823814374167,-2.0103823814374167,-0.9852728105892562,-0.9852728105892562,-0.9852728105892562,-1.7516420435960642,-1.7516420435960642,-1.7516420435960642,0.0,0.0,0.0,1.9660919812478372
111,2012-08-19,5.723441477348698,-10.272800511890395,14.538719670176768,5.139782694888545,6.2245951180649675,-3.7162339729163034,-3.7162339729163034,-3.7162339729163034,0.006106069264239559,0.006106069264239559,0.006106069264239559,0.9418563861477957,0.9418563861477957,0.9418563861477957,-2.1008336844290674,-2.1008336844290674,-2.1008336844290674,-2.0973770269858494,-2.0973770269858494,-2.0973770269858494,-0.9514191128552532,-0.9514191128552532,-0.9514191128552532,-1.6154002884872367,-1.6154002884872367,-1.6154002884872367,0.0,0.0,0.0,2.0072075044323943
112,2012-08-26,5.706181195303895,-9.777630809776783,16.04563461522619,5.113598928266391,6.213732953428545,-2.6691669165908936,-2.6691669165908936,-2.6691669165908936,-0.019682310374985076,-0.019682310374985076,-0.019682310374985076,0.2668283249765157,0.2668283249765157,0.2668283249765157,-0.7921380729808264,-0.7921380729808264,-0.7921380729808264,-0.42640195206714093,-0.42640195206714093,-0.42640195206714093,-0.6128821355152161,-0.6128821355152161,-0.6128821355152161,-1.877028843610067,-1.877028843610067,-1.877028843610067,0.0,0.0,0.0,3.0370142787130012
113,2012-09-02,5.688920913259092,-9.968527769607135,14.359461359398411,5.087540824267153,6.202620807407078,-3.6732285173270713,-3.6732285173270713,-3.6732285173270713,0.009528130814122312,0.009528130814122312,0.009528130814122312,-0.3490034987449687,-0.3490034987449687,-0.3490034987449687,-1.7848013880201945,-1.7848013880201945,-1.7848013880201945,-1.204834559648173,-1.204834559648173,-1.204834559648173,-0.24049146044117498,-0.24049146044117498,-0.24049146044117498,-1.888427129306876,-1.888427129306876,-1.888427129306876,0.0,0.0,0.0,2.0156923959320205
114,2012-09-09,5.671660631214291,-9.412201679752194,15.442603974862287,5.062401664302976,6.193733665991889,-2.6583141440107516,-2.6583141440107516,-2.6583141440107516,-0.00912220394195249,-0.00912220394195249,-0.00912220394195249,0.23961715134105552,0.23961715134105552,0.23961715134105552,-1.5762059819225758,-1.5762059819225758,-1.5762059819225758,-1.4307946779444896,-1.4307946779444896,-1.4307946779444896,-0.37590625137718925,-0.37590625137718925,-0.37590625137718925,-1.082108162088176,-1.082108162088176,-1.082108162088176,0.0,0.0,0.0,3.013346487203539
115,2012-09-16,5.654400349169486,-7.807500130692781,16.6178945789685,5.038142054388036,6.1853701966630235,-1.181476806627868,-1.181476806627868,-1.181476806627868,-0.01114138566869508,-0.01114138566869508,-0.01114138566869508,-0.37311164390618,-0.37311164390618,-0.37311164390618,-1.4546868533342752,-1.4546868533342752,-1.4546868533342752,-0.9992108519882434,-0.9992108519882434,-0.9992108519882434,-0.07122297177115643,-0.07122297177115643,-0.07122297177115643,0.27321004670640703,0.27321004670640703,0.27321004670640703,0.0,0.0,0.0,4.4729235425416185
116,2012-09-23,5.637140067124683,-8.15921550519796,16.47252129612006,5.015928160172738,6.174274402909541,-1.440299346598483,-1.440299346598483,-1.440299346598483,-0.01754315384394979,-0.01754315384394979,-0.01754315384394979,-0.8667318809525937,-0.8667318809525937,-0.8667318809525937,-2.7916894968362627,-2.7916894968362627,-2.7916894968362627,-1.6669230015985441,-1.6669230015985441,-1.6669230015985441,-0.24049146044117498,-0.24049146044117498,-0.24049146044117498,1.3513901502377794,1.3513901502377794,1.3513901502377794,0.0,0.0,0.0,4.1968407205262
117,2012-09-30,5.61987978507988,-6.334197349853831,18.708077765392588,4.989255852681259,6.162275058175581,0.03682756909254378,0.03682756909254378,0.03682756909254378,-0.008374831908924477,-0.008374831908924477,-0.008374831908924477,-0.9216316170909383,-0.9216316170909383,-0.9216316170909383,-1.76415066907925,-1.76415066907925,-1.76415066907925,-0.6275064573722163,-0.6275064573722163,-0.6275064573722163,-0.20663776270717074,-0.20663776270717074,-0.20663776270717074,1.8009782381717936,1.8009782381717936,1.8009782381717936,0.0,0.0,0.0,5.656707354172424
118,2012-10-07,5.602619503035077,-5.2749226782362815,18.36808573672588,4.962922710391599,6.150721194061779,0.9506975824811177,0.9506975824811177,0.9506975824811177,0.003910482945176451,0.003910482945176451,0.003910482945176451,0.26539615803978,0.26539615803978,0.26539615803978,-1.2118907579373421,-1.2118907579373421,-1.2118907579373421,-1.0037300543430978,-1.0037300543430978,-1.0037300543430978,-0.4774673445792006,-0.4774673445792006,-0.4774673445792006,2.1625883404184596,2.1625883404184596,2.1625883404184596,0.0,0.0,0.0,6.553317085516195
119,2012-10-14,5.585359220990276,-4.757852671374112,20.139976730003244,4.936234341637808,6.138073572863285,2.8135046847608227,2.8135046847608227,2.8135046847608227,0.004677304642646829,0.004677304642646829,0.004677304642646829,-1.1779895159719422,-1.1779895159719422,-1.1779895159719422,-0.1994117646320501,-0.1994117646320501,-0.1994117646320501,0.5373179524583465,0.5373179524583465,0.5373179524583465,0.43658249423889905,0.43658249423889905,0.43658249423889905,3.012916449392872,3.012916449392872,3.012916449392872,0.0,0.0,0.0,8.3988639057511
120,2012-10-21,5.568098938945474,-3.4632256342643513,21.50635510322801,4.907827614009723,6.12765814696329,3.3695480685723664,3.3695480685723664,3.3695480685723664,0.0030542340091031213,0.0030542340091031213,0.0030542340091031213,-0.591039727256366,-0.591039727256366,-0.591039727256366,-0.5465342549185372,-0.5465342549185372,-0.5465342549185372,0.24808900103589634,0.24808900103589634,0.24808900103589634,-0.20663776270717074,-0.20663776270717074,-0.20663776270717074,3.9160823234909037,3.9160823234909037,3.9160823234909037,0.0,0.0,0.0,8.93764700751784
121,2012-10-28,5.55083865690067,-2.4872143410435044,21.050130396993925,4.881702855315148,6.115729248689781,4.137487418956296,4.137487418956296,4.137487418956296,-0.0014402305158417853,-0.0014402305158417853,-0.0014402305158417853,-1.025463727020002,-1.025463727020002,-1.025463727020002,0.4047673288289098,0.4047673288289098,0.4047673288289098,1.164357280795873,1.164357280795873,1.164357280795873,0.26731400556888063,0.26731400556888063,0.26731400556888063,3.732720090127386,3.732720090127386,3.732720090127386,0.0,0.0,0.0,9.688326075856965
122,2012-11-04,5.533578374855867,-5.497152734089424,19.89226636378798,4.854692961491558,6.104595057318358,1.845907225649707,1.845907225649707,1.845907225649707,-0.007780779906221218,-0.007780779906221218,-0.007780779906221218,-1.2316957796073584,-1.2316957796073584,-1.2316957796073584,-0.33756079052117266,-0.33756079052117266,-0.33756079052117266,0.7361628566255378,0.7361628566255378,0.7361628566255378,0.16575291236686923,0.16575291236686923,0.16575291236686923,2.1834680161708793,2.1834680161708793,2.1834680161708793,0.0,0.0,0.0,7.379485600505574
123,2012-11-11,5.516318092811064,-6.90012915518178,17.945719507850704,4.825366883222475,6.09257749609675,0.5688219178015688,0.5688219178015688,0.5688219178015688,-0.006702742968757017,-0.006702742968757017,-0.006702742968757017,-0.9860791335871751,-0.9860791335871751,-0.9860791335871751,-0.1644241061064045,-0.1644241061064045,-0.1644241061064045,0.5610437648806469,0.5610437648806469,0.5610437648806469,0.26731400556888063,0.26731400556888063,0.26731400556888063,0.7332460239079733,0.7332460239079733,0.7332460239079733,0.0,0.0,0.0,6.0851400106126325
124,2012-11-18,5.499057810766263,-5.332929861267702,19.09674944710859,4.795844327226531,6.082553085403454,1.8431740892930566,1.8431740892930566,1.8431740892930566,-0.001020017295421344,-0.001020017295421344,-0.001020017295421344,-1.3056910762943275,-1.3056910762943275,-1.3056910762943275,0.5066311926767786,0.5066311926767786,0.5066311926767786,1.3767597920276282,1.3767597920276282,1.3767597920276282,0.43658249423889905,0.43658249423889905,0.43658249423889905,1.3365428966162782,1.3365428966162782,1.3365428966162782,0.0,0.0,0.0,7.3422319000593195
125,2012-11-25,5.48179752872146,-0.4822308929676656,23.526293430048685,4.7675348617858875,6.075527171179883,6.391337619624624,6.391337619624624,6.391337619624624,-0.005647022911168865,-0.005647022911168865,-0.005647022911168865,0.1985616965377333,0.1985616965377333,0.1985616965377333,2.266272375995404,2.266272375995404,2.266272375995404,1.7721899990659549,1.7721899990659549,1.7721899990659549,0.3011677033028848,0.3011677033028848,0.3011677033028848,4.12506524362922,4.12506524362922,4.12506524362922,0.0,0.0,0.0,11.873135148346083
126,2012-12-02,5.464537246676657,1.6941210234706368,26.517997830969705,4.73830193138016,6.063409554432883,8.316526597814791,8.316526597814791,8.316526597814791,-0.013944690277861023,-0.013944690277861023,-0.013944690277861023,-0.7091935073880188,-0.7091935073880188,-0.7091935073880188,1.5863075083109786,1.5863075083109786,1.5863075083109786,1.9744243049399708,1.9744243049399708,1.9744243049399708,0.33502140103688777,0.33502140103688777,0.33502140103688777,6.7302190895038105,6.7302190895038105,6.7302190895038105,0.0,0.0,0.0,13.781063844491449
127,2012-12-09,5.447276964631853,-0.8060716763980048,24.27545086426453,4.709242960844903,6.054644621412796,6.675341813602167,6.675341813602167,6.675341813602167,-0.007993226916450762,-0.007993226916450762,-0.007993226916450762,-0.9252120347668846,-0.9252120347668846,-0.9252120347668846,0.27129546572409424,0.27129546572409424,0.27129546572409424,0.8694793263705419,0.8694793263705419,0.8694793263705419,0.33502140103688777,0.33502140103688777,0.33502140103688777,6.404046347878072,6.404046347878072,6.404046347878072,0.0,0.0,0.0,12.12261877823402
128,2012-12-16,5.43001668258705,-3.323207023315128,22.447887093168017,4.680215962846547,6.046237267246057,3.5440693525781666,3.5440693525781666,3.5440693525781666,0.006790578951344049,0.006790578951344049,0.006790578951344049,-0.6879496964344571,-0.6879496964344571,-0.6879496964344571,0.6255075033422993,0.6255075033422993,0.6255075033422993,1.3778895925965688,1.3778895925965688,1.3778895925965688,-0.07122297177115643,-0.07122297177115643,-0.07122297177115643,2.9185618492358665,2.9185618492358665,2.9185618492358665,0.0,0.0,0.0,8.974086035165216
129,2012-12-23,5.412756400542249,-7.089496352271664,17.986185297604766,4.651904009399231,6.035248920945215,0.3564969877544064,0.3564969877544064,0.3564969877544064,0.0013351077943590767,0.0013351077943590767,0.0013351077943590767,-0.5125092349913947,-0.5125092349913947,-0.5125092349913947,1.2797737472881237,1.2797737472881237,1.2797737472881237,1.5236338689162783,1.5236338689162783,1.5236338689162783,0.26731400556888063,0.26731400556888063,0.26731400556888063,-0.9232767595337169,-0.9232767595337169,-0.9232767595337169,0.0,0.0,0.0,5.769253388296655
130,2013-01-01,5.390564609341786,-7.293916976851171,18.086546731688635,4.621151778781029,6.0181760532393795,0.15541558636564923,0.15541558636564923,0.15541558636564923,-0.0004664566603611467,-0.0004664566603611467,-0.0004664566603611467,0.17851135808710028,0.17851135808710028,0.17851135808710028,1.6342492407308178,1.6342492407308178,1.6342492407308178,0.9180607518631683,0.9180607518631683,0.9180607518631683,0.5381435874409105,0.5381435874409105,0.5381435874409105,-1.4788336543651686,-1.4788336543651686,-1.4788336543651686,0.0,0.0,0.0,5.545980195707435
131,2013-01-08,5.373304327296984,-5.064140773338245,19.958457870870912,4.600027016478989,6.008471863654484,2.0340484445006077,2.0340484445006077,2.0340484445006077,0.006918892638259251,0.006918892638259251,0.006918892638259251,0.6563777578271238,0.6563777578271238,0.6563777578271238,0.41188761554681114,0.41188761554681114,0.41188761554681114,-0.24789345861542267,-0.24789345861542267,-0.24789345861542267,-0.0035155763031492625,-0.0035155763031492625,-0.0035155763031492625,1.6221608289537963,1.6221608289537963,1.6221608289537963,0.0,0.0,0.0,7.407352771797592
132,2013-01-15,5.356044045252183,-1.2674101134118398,23.488097569550984,4.576852402648778,5.999771701477752,5.611326242431552,5.611326242431552,5.611326242431552,0.0027720850689640255,0.0027720850689640255,0.0027720850689640255,0.4243666987081559,0.4243666987081559,0.4243666987081559,0.7400655644689441,0.7400655644689441,0.7400655644689441,-0.15750941128107912,-0.15750941128107912,-0.15750941128107912,0.4704361919729033,0.4704361919729033,0.4704361919729033,4.871260677962608,4.871260677962608,4.871260677962608,0.0,0.0,0.0,10.967370287683735
133,2013-01-22,5.33878376320738,-0.49959872846735587,25.237847838773074,4.551053027476729,5.989734167057211,7.1488081091088524,7.1488081091088524,7.1488081091088524,0.009757405004237617,0.009757405004237617,0.009757405004237617,-0.23824924839901546,-0.23824924839901546,-0.23824924839901546,1.2278334558892254,1.2278334558892254,1.2278334558892254,1.019742805045104,1.019742805045104,1.019742805045104,0.43658249423889905,0.43658249423889905,0.43658249423889905,5.920974653219626,5.920974653219626,5.920974653219626,0.0,0.0,0.0,12.487591872316234
134,2013-01-29,5.321523481162577,-1.1680230645403031,23.727122055999534,4.531183264966858,5.977589086344164,6.025105317668068,6.025105317668068,6.025105317668068,-0.012360377286904783,-0.012360377286904783,-0.012360377286904783,0.017153872412772133,0.017153872412772133,0.017153872412772133,1.0868725585709897,1.0868725585709897,1.0868725585709897,0.4085206850681978,0.4085206850681978,0.4085206850681978,0.6735583783769247,0.6735583783769247,0.6735583783769247,4.938232759097077,4.938232759097077,4.938232759097077,0.0,0.0,0.0,11.346628798830645
135,2013-02-05,5.304263199117774,-2.256740261634773,22.72969068571112,4.5003020682003605,5.9653527889205815,4.8978646249709845,4.8978646249709845,4.8978646249709845,-0.0029380556148346447,-0.0029380556148346447,-0.0029380556148346447,-0.5387656307247036,-0.5387656307247036,-0.5387656307247036,1.1440114530727261,1.1440114530727261,1.1440114530727261,1.2829863429073698,1.2829863429073698,1.2829863429073698,0.4027287965048949,0.4027287965048949,0.4027287965048949,3.753853171898258,3.753853171898258,3.753853171898258,0.0,0.0,0.0,10.202127824088759
136,2013-02-12,5.28700291707297,-1.7165508252848052,23.016972618000157,4.477396627060335,5.95524919458817,4.715986300508273,4.715986300508273,4.715986300508273,3.4987548563355928e-06,3.4987548563355928e-06,3.4987548563355928e-06,0.07658880429637456,0.07658880429637456,0.07658880429637456,1.2211329591054598,1.2211329591054598,1.2211329591054598,0.741811859549334,0.741811859549334,0.741811859549334,0.4027287965048949,0.4027287965048949,0.4027287965048949,3.4948533414028127,3.4948533414028127,3.4948533414028127,0.0,0.0,0.0,10.002989217581243
137,2013-02-19,5.26974263502817,-3.1349650147945733,22.553557818635767,4.453940276248859,5.9468382560322395,4.641543129994203,4.641543129994203,4.641543129994203,-0.0041084076152514476,-0.0041084076152514476,-0.0041084076152514476,-0.10481901982853914,-0.10481901982853914,-0.10481901982853914,1.135317920739461,1.135317920739461,1.135317920739461,1.0784924358163823,1.0784924358163823,1.0784924358163823,0.16575291236686923,0.16575291236686923,0.16575291236686923,3.506225209254743,3.506225209254743,3.506225209254743,0.0,0.0,0.0,9.911285765022374
138,2013-02-26,5.252482352983366,-3.251127022149421,21.31754902125136,4.431133719984982,5.941094666548626,3.673602887061057,3.673602887061057,3.673602887061057,-0.010118608963277662,-0.010118608963277662,-0.010118608963277662,0.3162380876347067,0.3162380876347067,0.3162380876347067,1.1300386867790801,1.1300386867790801,1.1300386867790801,0.6243125980067779,0.6243125980067779,0.6243125980067779,0.19960661010087344,0.19960661010087344,0.19960661010087344,2.5435642002819763,2.5435642002819763,2.5435642002819763,0.0,0.0,0.0,8.926085240044422
139,2013-03-05,5.235222070938563,-4.62753731954977,21.165906247882607,4.408344194961856,5.930788602705954,2.2957863558995637,2.2957863558995637,2.2957863558995637,-0.002688172508753907,-0.002688172508753907,-0.002688172508753907,0.5100580259908416,0.5100580259908416,0.5100580259908416,1.7828867381304587,1.7828867381304587,1.7828867381304587,0.8050806926754677,0.8050806926754677,0.8050806926754677,0.4704361919729033,0.4704361919729033,0.4704361919729033,0.5128996177691054,0.5128996177691054,0.5128996177691054,0.0,0.0,0.0,7.5310084268381265
140,2013-03-12,5.21796178889376,-7.538000270022491,17.26315059678233,4.385303674466711,5.922631957724196,-0.04776063265923031,-0.04776063265923031,-0.04776063265923031,0.005744004100215554,0.005744004100215554,0.005744004100215554,-0.3258501318200868,-0.3258501318200868,-0.3258501318200868,1.3216274286466867,1.3216274286466867,1.3216274286466867,1.30671215532967,1.30671215532967,1.30671215532967,0.33502140103688777,0.33502140103688777,0.33502140103688777,-1.369388061305917,-1.369388061305917,-1.369388061305917,0.0,0.0,0.0,5.17020115623453
141,2013-03-19,5.200701506848958,-7.795618958744478,17.496710779831563,4.363102733873713,5.91394749056142,-0.11307188441672386,-0.11307188441672386,-0.11307188441672386,0.003526951019059964,0.003526951019059964,0.003526951019059964,-0.4366043823331529,-0.4366043823331529,-0.4366043823331529,1.9043713693218973,1.9043713693218973,1.9043713693218973,1.79930521319508,1.79930521319508,1.79930521319508,0.5381435874409105,0.5381435874409105,0.5381435874409105,-2.0174432537386213,-2.0174432537386213,-2.0174432537386213,0.0,0.0,0.0,5.087629622432234
142,2013-03-26,5.183441224804157,-8.190855675501503,17.304110829466673,4.339201289092864,5.9046295502559465,-0.7230910791428888,-0.7230910791428888,-0.7230910791428888,0.0007711808745682688,0.0007711808745682688,0.0007711808745682688,-0.7533519908327028,-0.7533519908327028,-0.7533519908327028,0.9310360083422047,0.9310360083422047,0.9310360083422047,1.4163028127314585,1.4163028127314585,1.4163028127314585,0.26731400556888063,0.26731400556888063,0.26731400556888063,-1.6541270874850937,-1.6541270874850937,-1.6541270874850937,0.0,0.0,0.0,4.460350145661268
143,2013-04-02,5.166180942759354,-7.597271508985339,16.0787491782815,4.315742087804596,5.897863068433937,-0.42823486612772516,-0.42823486612772516,-0.42823486612772516,0.0033141742661749766,0.0033141742661749766,0.0033141742661749766,-0.07545959562093371,-0.07545959562093371,-0.07545959562093371,0.9551378932749394,0.9551378932749394,0.9551378932749394,0.8276767045288247,0.8276767045288247,0.8276767045288247,0.19960661010087344,0.19960661010087344,0.19960661010087344,-1.3833727594026646,-1.3833727594026646,-1.3833727594026646,0.0,0.0,0.0,4.737946076631629
144,2013-04-09,5.148920660714549,-9.179656553963165,15.787996904943114,4.292014978335803,5.889792012776344,-1.393489597050417,-1.393489597050417,-1.393489597050417,0.0017880093316151688,0.0017880093316151688,0.0017880093316151688,-0.45020996906735034,-0.45020996906735034,-0.45020996906735034,0.4578920515525154,0.4578920515525154,0.4578920515525154,0.6390000057193699,0.6390000057193699,0.6390000057193699,0.26731400556888063,0.26731400556888063,0.26731400556888063,-1.8513816486029326,-1.8513816486029326,-1.8513816486029326,0.0,0.0,0.0,3.7554310636641324
145,2013-04-16,5.131660378669746,-8.703123629603166,15.603891332335373,4.266423309901641,5.880229344872244,-2.110783325792013,-2.110783325792013,-2.110783325792013,-0.0014224424452491332,-0.0014224424452491332,-0.0014224424452491332,-1.0636548479500427,-1.0636548479500427,-1.0636548479500427,0.5483306111811335,0.5483306111811335,0.5483306111811335,1.2106791050715306,1.2106791050715306,1.2106791050715306,0.4027287965048949,0.4027287965048949,0.4027287965048949,-2.6591139369731462,-2.6591139369731462,-2.6591139369731462,0.0,0.0,0.0,3.0208770528777333
146,2013-04-23,5.114400096624943,-7.992299690238486,16.323871549908244,4.23956553883803,5.876952256680559,-1.5946641753729978,-1.5946641753729978,-1.5946641753729978,-0.00178984531850818,-0.00178984531850818,-0.00178984531850818,0.6270183336195184,0.6270183336195184,0.6270183336195184,1.474245229517927,1.474245229517927,1.474245229517927,0.8525323175200659,0.8525323175200659,0.8525323175200659,-0.0035155763031492625,-0.0035155763031492625,-0.0035155763031492625,-3.0689094048909245,-3.0689094048909245,-3.0689094048909245,0.0,0.0,0.0,3.5197359212519457
147,2013-04-30,5.097139814580142,-12.43719220944675,11.399866464737523,4.209451064286857,5.872949389822923,-5.0809598752719065,-5.0809598752719065,-5.0809598752719065,-0.011997637180882906,-0.011997637180882906,-0.011997637180882906,0.674279845705659,0.674279845705659,0.674279845705659,-2.135617559936702,-2.135617559936702,-2.135617559936702,-1.7787732601382178,-1.7787732601382178,-1.7787732601382178,-1.0191265083232601,-1.0191265083232601,-1.0191265083232601,-2.9453423153352047,-2.9453423153352047,-2.9453423153352047,0.0,0.0,0.0,0.016179939308235802
148,2013-05-07,5.079879532535339,-9.197487878899361,15.758676002958095,4.179059855580631,5.866938968688913,-1.8865475922859338,-1.8865475922859338,-1.8865475922859338,-0.009150907009663329,-0.009150907009663329,-0.009150907009663329,-0.5931879778284638,-0.5931879778284638,-0.5931879778284638,0.8890505528408866,0.8890505528408866,0.8890505528408866,1.0886606411741186,1.0886606411741186,1.0886606411741186,0.4027287965048949,0.4027287965048949,0.4027287965048949,-2.775598145126821,-2.775598145126821,-2.775598145126821,0.0,0.0,0.0,3.1933319402494056
149,2013-05-14,5.0626192504905365,-8.665713630972053,15.611832217416495,4.151247083211777,5.860957606363498,-1.600023022609122,-1.600023022609122,-1.600023022609122,-0.005121678458179825,-0.005121678458179825,-0.005121678458179825,0.5322566150136674,0.5322566150136674,0.5322566150136674,1.332008814700739,1.332008814700739,1.332008814700739,0.7406820589803934,0.7406820589803934,0.7406820589803934,0.0641918191648579,0.0641918191648579,0.0641918191648579,-2.932031837309861,-2.932031837309861,-2.932031837309861,0.0,0.0,0.0,3.4625962278814146
150,2013-05-21,5.045358968445733,-9.886472141181763,14.966306777061481,4.126018039188564,5.852663542250519,-2.21980883420582,-2.21980883420582,-2.21980883420582,-0.0008834214004025294,-0.0008834214004025294,-0.0008834214004025294,0.6052971336313722,0.6052971336313722,0.6052971336313722,1.0261239098075576,1.0261239098075576,1.0261239098075576,0.22210358747571454,0.22210358747571454,0.22210358747571454,0.19960661010087344,0.19960661010087344,0.19960661010087344,-3.2459327440133774,-3.2459327440133774,-3.2459327440133774,0.0,0.0,0.0,2.8255501342399127
151,2013-05-28,5.02809868640093,-10.695545912321677,14.734564651507492,4.103339992471465,5.842958634612167,-2.808973346794907,-2.808973346794907,-2.808973346794907,-0.008399418345671228,-0.008399418345671228,-0.008399418345671228,0.3121802810912887,0.3121802810912887,0.3121802810912887,0.5695785786447596,0.5695785786447596,0.5695785786447596,0.06619110579826865,0.06619110579826865,0.06619110579826865,0.19960661010087344,0.19960661010087344,0.19960661010087344,-3.3785519254396665,-3.3785519254396665,-3.3785519254396665,0.0,0.0,0.0,2.219125339606023
152,2013-06-04,5.010838404356129,-9.142752930544681,14.461622718165625,4.083285288573019,5.832607988334426,-2.480132093703447,-2.480132093703447,-2.480132093703447,-0.004132267587710416,-0.004132267587710416,-0.004132267587710416,0.5353596434878688,0.5353596434878688,0.5353596434878688,0.8694936097401847,0.8694936097401847,0.8694936097401847,0.27407441467516835,0.27407441467516835,0.27407441467516835,0.0641918191648579,0.0641918191648579,0.0641918191648579,-3.349625703443632,-3.349625703443632,-3.349625703443632,0.0,0.0,0.0,2.5307063106526817
153,2013-06-11,4.993578122311326,-8.882633630849137,15.392390208918403,4.054123045989469,5.820702947899733,-2.2315951040142328,-2.2315951040142328,-2.2315951040142328,0.0006994180530621799,0.0006994180530621799,0.0006994180530621799,1.6395604255435512,1.6395604255435512,1.6395604255435512,1.2248684428338703,1.2248684428338703,1.2248684428338703,-0.5472906153956093,-0.5472906153956093,-0.5472906153956093,0.13189921463286625,0.13189921463286625,0.13189921463286625,-3.4564635468481026,-3.4564635468481026,-3.4564635468481026,0.0,0.0,0.0,2.761983018297093
154,2013-06-18,4.976317840266523,-11.698048153182766,13.51058492228421,4.0249608034059206,5.812868719915479,-3.9133113659944794,-3.9133113659944794,-3.9133113659944794,-0.01041835791765122,-0.01041835791765122,-0.01041835791765122,1.2060912035149534,1.2060912035149534,1.2060912035149534,-0.15866348679175274,-0.15866348679175274,-0.15866348679175274,-1.5539429424899283,-1.5539429424899283,-1.5539429424899283,0.19960661010087344,0.19960661010087344,0.19960661010087344,-3.7546478792027265,-3.7546478792027265,-3.7546478792027265,0.0,0.0,0.0,1.0630064742720435
155,2013-06-25,4.95905755822172,-10.595483472315369,14.09285828110748,3.9924079190422215,5.802230423061418,-3.6305923554633552,-3.6305923554633552,-3.6305923554633552,-0.004915653701388003,-0.004915653701388003,-0.004915653701388003,0.7614033400921459,0.7614033400921459,0.7614033400921459,0.2697575683351576,0.2697575683351576,0.2697575683351576,-0.7540441236244809,-0.7540441236244809,-0.7540441236244809,0.26731400556888063,0.26731400556888063,0.26731400556888063,-3.9003499237985126,-3.9003499237985126,-3.9003499237985126,0.0,0.0,0.0,1.3284652027583648
