,ds,trend,yhat_lower,yhat_upper,trend_lower,trend_upper,additive_terms,additive_terms_lower,additive_terms_upper,avg_ndvi,avg_ndvi_lower,avg_ndvi_upper,avg_reanalysis,avg_reanalysis_lower,avg_reanalysis_upper,extra_regressors_additive,extra_regressors_additive_lower,extra_regressors_additive_upper,reanalysis_specific_humidity_g_per_kg,reanalysis_specific_humidity_g_per_kg_lower,reanalysis_specific_humidity_g_per_kg_upper,yearly,yearly_lower,yearly_upper,multiplicative_terms,multiplicative_terms_lower,multiplicative_terms_upper,yhat
0,2010-07-02,7.201387265227569,-8.171042149948903,16.705198284432594,7.201387265227569,7.201387265227569,-3.3624374867574427,-3.3624374867574427,-3.3624374867574427,0.01800217539133899,0.01800217539133899,0.01800217539133899,-0.31636024542132135,-0.31636024542132135,-0.31636024542132135,0.1869766134934216,0.1869766134934216,0.1869766134934216,0.485334683523404,0.485334683523404,0.485334683523404,-3.549414100250864,-3.549414100250864,-3.549414100250864,0.0,0.0,0.0,3.8389497784701265
1,2010-07-09,7.179690031240868,-9.02774153090022,15.027623156267468,7.179690031240868,7.179690031240868,-3.733817045830043,-3.733817045830043,-3.733817045830043,-0.011123829342994213,-0.011123829342994213,-0.011123829342994213,0.0037801931862024305,0.0037801931862024305,0.0037801931862024305,-0.6945862394898269,-0.6945862394898269,-0.6945862394898269,-0.6872426033330352,-0.6872426033330352,-0.6872426033330352,-3.0392308063402154,-3.0392308063402154,-3.0392308063402154,0.0,0.0,0.0,3.4458729854108245
2,2010-07-16,7.15799279725417,-7.294752814328124,18.385456540508596,7.15799279725417,7.15799279725417,-1.990708072977014,-1.990708072977014,-1.990708072977014,-0.0013533153475480677,-0.0013533153475480677,-0.0013533153475480677,0.030864116464387574,0.030864116464387574,0.030864116464387574,0.845025170323561,0.845025170323561,0.845025170323561,0.8155143692067215,0.8155143692067215,0.8155143692067215,-2.8357332433005746,-2.8357332433005746,-2.8357332433005746,0.0,0.0,0.0,5.167284724277156
3,2010-07-23,7.136295563267468,-7.988846098353348,16.279504399619828,7.136295563267468,7.136295563267468,-2.8458324914852597,-2.8458324914852597,-2.8458324914852597,0.03756142782514138,0.03756142782514138,0.03756142782514138,1.5919983888403606,1.5919983888403606,1.5919983888403606,0.12879464174455205,0.12879464174455205,0.12879464174455205,-1.50076517492095,-1.50076517492095,-1.50076517492095,-2.9746271332298115,-2.9746271332298115,-2.9746271332298115,0.0,0.0,0.0,4.290463071782208
4,2010-07-30,7.114598329280767,-8.013690034005776,14.657880375906453,7.113515307627524,7.114715189964211,-4.214616736366878,-4.214616736366878,-4.214616736366878,-0.007510520122802068,-0.007510520122802068,-0.007510520122802068,0.21473856514357476,0.21473856514357476,0.21473856514357476,-1.2282544543888196,-1.2282544543888196,-1.2282544543888196,-1.4354824994095925,-1.4354824994095925,-1.4354824994095925,-2.986362281978058,-2.986362281978058,-2.986362281978058,0.0,0.0,0.0,2.899981592913889
5,2010-08-06,7.092901095294066,-8.478085007830435,15.582294354466038,7.090313988522853,7.093711048197573,-3.6847382674629685,-3.6847382674629685,-3.6847382674629685,-0.017325484393700366,-0.017325484393700366,-0.017325484393700366,-0.7103466935572739,-0.7103466935572739,-0.7103466935572739,-1.147506898939819,-1.147506898939819,-1.147506898939819,-0.4198347209888446,-0.4198347209888446,-0.4198347209888446,-2.53723136852315,-2.53723136852315,-2.53723136852315,0.0,0.0,0.0,3.408162827831098
6,2010-08-13,7.071203861307365,-9.847518442757572,15.305081367900758,7.066893047191728,7.073554771344113,-4.561540528069889,-4.561540528069889,-4.561540528069889,-0.023139629163421518,-0.023139629163421518,-0.023139629163421518,0.12650422088295404,0.12650422088295404,0.12650422088295404,-2.631494237354808,-2.631494237354808,-2.631494237354808,-2.7348588290743407,-2.7348588290743407,-2.7348588290743407,-1.9300462907150815,-1.9300462907150815,-1.9300462907150815,0.0,0.0,0.0,2.5096633332374756
7,2010-08-20,7.0495066273206675,-8.189900064824325,16.51845450222077,7.043203488863313,7.052985262760421,-3.013436472853263,-3.013436472853263,-3.013436472853263,0.00391180079360288,0.00391180079360288,0.00391180079360288,-0.6494078659592015,-0.6494078659592015,-0.6494078659592015,-1.283776661887087,-1.283776661887087,-1.283776661887087,-0.6382805967214884,-0.6382805967214884,-0.6382805967214884,-1.7296598109661763,-1.7296598109661763,-1.7296598109661763,0.0,0.0,0.0,4.036070154467405
8,2010-08-27,7.027809393333965,-10.098061760183468,14.240737708120282,7.019094027989495,7.032481925398168,-5.062092975014838,-5.062092975014838,-5.062092975014838,-0.016232142504298865,-0.016232142504298865,-0.016232142504298865,-0.7918100569242473,-0.7918100569242473,-0.7918100569242473,-3.108520149209834,-3.108520149209834,-3.108520149209834,-2.300477949781288,-2.300477949781288,-2.300477949781288,-1.953572825805003,-1.953572825805003,-1.953572825805003,0.0,0.0,0.0,1.9657164183191274
9,2010-09-03,7.006112159347264,-8.255519780582508,15.880054772414596,6.994213966809739,7.011628686915611,-3.577883831473991,-3.577883831473991,-3.577883831473991,-0.01815748042667894,-0.01815748042667894,-0.01815748042667894,-1.3648043115275947,-1.3648043115275947,-1.3648043115275947,-1.6471224406374834,-1.6471224406374834,-1.6471224406374834,-0.26416064868320976,-0.26416064868320976,-0.26416064868320976,-1.9307613908365073,-1.9307613908365073,-1.9307613908365073,0.0,0.0,0.0,3.4282283278732733
10,2010-09-10,6.984414925360563,-7.612503705053113,17.472910748873268,6.969545107862952,6.991687529258961,-1.4627133739755573,-1.4627133739755573,-1.4627133739755573,0.03105215963907808,0.03105215963907808,0.03105215963907808,-0.447124812836637,-0.447124812836637,-0.447124812836637,-0.3563307964962114,-0.3563307964962114,-0.3563307964962114,0.05974185670134757,0.05974185670134757,0.05974185670134757,-1.1063825774793459,-1.1063825774793459,-1.1063825774793459,0.0,0.0,0.0,5.521701551385006
11,2010-09-17,6.962717691373862,-7.258364207679069,18.31743684825686,6.944048831841403,6.971341283748533,-1.9508320125638785,-1.9508320125638785,-1.9508320125638785,-0.0026123695414179515,-0.0026123695414179515,-0.0026123695414179515,-1.320158156602917,-1.320158156602917,-1.320158156602917,-2.173219818211825,-2.173219818211825,-2.173219818211825,-0.8504492920674899,-0.8504492920674899,-0.8504492920674899,0.22238780564794597,0.22238780564794597,0.22238780564794597,0.0,0.0,0.0,5.011885678809984
12,2010-09-24,6.9410204573871646,-5.136577446627202,19.12436674194347,6.919270874915476,6.951045821129636,0.6288421574957779,0.6288421574957779,0.6288421574957779,-0.014239610591639456,-0.014239610591639456,-0.014239610591639456,-0.7791144677857829,-0.7791144677857829,-0.7791144677857829,-0.6243892838097559,-0.6243892838097559,-0.6243892838097559,0.16896479456766633,0.16896479456766633,0.16896479456766633,1.2532314413055339,1.2532314413055339,1.2532314413055339,0.0,0.0,0.0,7.569862614882942
13,2010-10-01,6.919323223400462,-5.907286352751763,18.59721103325255,6.894590606169374,6.931797811233762,-0.6966413950619241,-0.6966413950619241,-0.6966413950619241,-0.02930789691683218,-0.02930789691683218,-0.02930789691683218,-1.2355208958772264,-1.2355208958772264,-1.2355208958772264,-2.405283816404307,-2.405283816404307,-2.405283816404307,-1.1404550236102482,-1.1404550236102482,-1.1404550236102482,1.7086424213423828,1.7086424213423828,1.7086424213423828,0.0,0.0,0.0,6.222681828338538
14,2010-10-08,6.897625989413761,-6.035227085171303,17.381469539564495,6.8695093100287785,6.9133844009793295,-1.4214351239202385,-1.4214351239202385,-1.4214351239202385,-0.011514615444355517,-0.011514615444355517,-0.011514615444355517,-2.340460333694174,-2.340460333694174,-2.340460333694174,-3.5777996253743543,-3.5777996253743543,-3.5777996253743543,-1.225824676235825,-1.225824676235825,-1.225824676235825,2.156364501454116,2.156364501454116,2.156364501454116,0.0,0.0,0.0,5.476190865493523
15,2010-10-15,6.8759287554270605,-4.30756334759809,21.783363502106646,6.844251284106383,6.895191078035431,1.6191474936503523,1.6191474936503523,1.6191474936503523,-0.017279826938766993,-0.017279826938766993,-0.017279826938766993,-1.2710685453464665,-1.2710685453464665,-1.2710685453464665,-1.4696502405151006,-1.4696502405151006,-1.4696502405151006,-0.18130186822986707,-0.18130186822986707,-0.18130186822986707,3.0887977341654533,3.0887977341654533,3.0887977341654533,0.0,0.0,0.0,8.495076249077412
16,2010-10-22,6.854231521440359,-2.5506174568201883,22.417760735943748,6.818780285710479,6.876386186310111,3.213987278112028,3.213987278112028,3.213987278112028,0.003859308322451815,0.003859308322451815,0.003859308322451815,-1.3622651937294958,-1.3622651937294958,-1.3622651937294958,-0.7425058508609249,-0.7425058508609249,-0.7425058508609249,0.6159000345461192,0.6159000345461192,0.6159000345461192,3.9564931289729532,3.9564931289729532,3.9564931289729532,0.0,0.0,0.0,10.068218799552387
17,2010-10-29,6.83253428745366,-1.6025575812995425,22.45971251465984,6.795160221083569,6.857300586418744,3.6395869606078515,3.6395869606078515,3.6395869606078515,0.00673665178727105,0.00673665178727105,0.00673665178727105,-1.26323959871603,-1.26323959871603,-1.26323959871603,0.008457534340767035,0.008457534340767035,0.008457534340767035,1.2649604812695259,1.2649604812695259,1.2649604812695259,3.6311294262670843,3.6311294262670843,3.6311294262670843,0.0,0.0,0.0,10.472121248061512
18,2010-11-05,6.810837053466959,-2.8861061655357667,21.609395257450725,6.769649155789479,6.839164955213045,2.2769149966777444,2.2769149966777444,2.2769149966777444,-0.0030195687497165604,-0.0030195687497165604,-0.0030195687497165604,-1.8904017001719413,-1.8904017001719413,-1.8904017001719413,0.28173036111670235,0.28173036111670235,0.28173036111670235,2.17515163003836,2.17515163003836,2.17515163003836,1.9951846355610419,1.9951846355610419,1.9951846355610419,0.0,0.0,0.0,9.087752050144704
19,2010-11-12,6.789139819480258,-5.64357049256845,19.471813935676895,6.743520681867727,6.8201508432102695,0.20467499158480634,0.20467499158480634,0.20467499158480634,-0.02280483805395966,-0.02280483805395966,-0.02280483805395966,-1.1817762353490566,-1.1817762353490566,-1.1817762353490566,-0.45058307149324417,-0.45058307149324417,-0.45058307149324417,0.7539980019097721,0.7539980019097721,0.7539980019097721,0.6552580630780506,0.6552580630780506,0.6552580630780506,0.0,0.0,0.0,6.993814811065064
20,2010-11-19,6.767442585493558,-4.1373412663791465,20.51247530826328,6.718839138448581,6.801914999677863,1.5625273832168887,1.5625273832168887,1.5625273832168887,0.008766436238569611,0.008766436238569611,0.008766436238569611,-0.8872385684028251,-0.8872385684028251,-0.8872385684028251,0.06133040767853883,0.06133040767853883,0.06133040767853883,0.9398025398427943,0.9398025398427943,0.9398025398427943,1.5011969755383499,1.5011969755383499,1.5011969755383499,0.0,0.0,0.0,8.329969968710447
21,2010-11-26,6.745745351506856,-0.6768343761731777,24.172044512713846,6.693868647369857,6.783693420014482,5.476854584540413,5.476854584540413,5.476854584540413,-0.016811038906888308,-0.016811038906888308,-0.016811038906888308,-0.3874555443597594,-0.3874555443597594,-0.3874555443597594,1.0477538720659572,1.0477538720659572,1.0477538720659572,1.4520204553326048,1.4520204553326048,1.4520204553326048,4.429100712474456,4.429100712474456,4.429100712474456,0.0,0.0,0.0,12.222599936047269
22,2010-12-03,6.724048117520157,0.17903249683402653,26.013416977435167,6.666748395551798,6.766205904872192,6.432600364101147,6.432600364101147,6.432600364101147,0.016955984912322756,0.016955984912322756,0.016955984912322756,-1.650455066254655,-1.650455066254655,-1.650455066254655,-0.4815278460656574,-0.4815278460656574,-0.4815278460656574,1.1519712352766749,1.1519712352766749,1.1519712352766749,6.914128210166805,6.914128210166805,6.914128210166805,0.0,0.0,0.0,13.156648481621303
23,2010-12-10,6.702350883533456,1.170454361819876,25.246274093292698,6.642005819380266,6.7479098012243695,6.907171707854787,6.907171707854787,6.907171707854787,0.006175568366416427,0.006175568366416427,0.006175568366416427,-1.056513089706067,-1.056513089706067,-1.056513089706067,0.5849765998416246,0.5849765998416246,0.5849765998416246,1.6353141211812754,1.6353141211812754,1.6353141211812754,6.322195108013163,6.322195108013163,6.322195108013163,0.0,0.0,0.0,13.609522591388243
24,2010-12-17,6.6806536495467554,-3.014406399280751,21.40953673791532,6.615402945861913,6.733251358038957,2.6823998901575536,2.6823998901575536,2.6823998901575536,-0.012890737710358445,-0.012890737710358445,-0.012890737710358445,-0.8392069228832479,-0.8392069228832479,-0.8392069228832479,-0.02528436674366018,-0.02528436674366018,-0.02528436674366018,0.8268132938499463,0.8268132938499463,0.8268132938499463,2.707684256901214,2.707684256901214,2.707684256901214,0.0,0.0,0.0,9.363053539704309
25,2010-12-24,6.658956415560053,-8.193376365437114,15.94278963786352,6.589550866239262,6.7144592994328836,-2.284349040044954,-2.284349040044954,-2.284349040044954,0.007671790822028752,0.007671790822028752,0.007671790822028752,-0.7044220853124146,-0.7044220853124146,-0.7044220853124146,-1.3099221698410723,-1.3099221698410723,-1.3099221698410723,-0.6131718753506867,-0.6131718753506867,-0.6131718753506867,-0.9744268702038819,-0.9744268702038819,-0.9744268702038819,0.0,0.0,0.0,4.374607375515099
26,2011-01-01,6.634159576718112,-6.050314112167845,19.07780776594599,6.560558959413345,6.692264901559982,-0.40481301369270617,-0.40481301369270617,-0.40481301369270617,-0.0049699060556258326,-0.0049699060556258326,-0.0049699060556258326,0.6673363164638639,0.6673363164638639,0.6673363164638639,1.0271792314220984,1.0271792314220984,1.0271792314220984,0.36481282101386026,0.36481282101386026,0.36481282101386026,-1.4319922451148046,-1.4319922451148046,-1.4319922451148046,0.0,0.0,0.0,6.2293465630254055
27,2011-01-08,6.612462342731412,-5.052300686704356,19.97684748239742,6.532880837922809,6.6739977029989985,0.6636274955324002,0.6636274955324002,0.6636274955324002,-0.020949941604688698,-0.020949941604688698,-0.020949941604688698,-0.21796942996838967,-0.21796942996838967,-0.21796942996838967,-0.8533466829659394,-0.8533466829659394,-0.8533466829659394,-0.6144273113928611,-0.6144273113928611,-0.6144273113928611,1.5169741784983395,1.5169741784983395,1.5169741784983395,0.0,0.0,0.0,7.276089838263812
28,2011-01-15,6.590765108744709,-0.6867077409748044,23.698057979585744,6.5071542748883155,6.6565350640835215,4.9047789331208715,4.9047789331208715,4.9047789331208715,0.004903750941599443,0.004903750941599443,0.004903750941599443,-0.41834814440909907,-0.41834814440909907,-0.41834814440909907,0.09448813925447522,0.09448813925447522,0.09448813925447522,0.5079325327219748,0.5079325327219748,0.5079325327219748,4.810290793866396,4.810290793866396,4.810290793866396,0.0,0.0,0.0,11.495544041865582
29,2011-01-22,6.569067874758009,0.22525004073726296,24.94678414729852,6.478324951787083,6.639730824887673,6.17038730092907,6.17038730092907,6.17038730092907,-0.0054565920818788445,-0.0054565920818788445,-0.0054565920818788445,-0.32715149602602767,-0.32715149602602767,-0.32715149602602767,0.14770485115891469,0.14770485115891469,0.14770485115891469,0.48031293926682117,0.48031293926682117,0.48031293926682117,6.022682449770155,6.022682449770155,6.022682449770155,0.0,0.0,0.0,12.739455175687079
30,2011-01-29,6.547370640771308,-1.7937023071537121,23.267345324744703,6.4513937034000985,6.623171506372313,4.170037271196231,4.170037271196231,4.170037271196231,0.00488337057815103,0.00488337057815103,0.00488337057815103,0.03848147000673869,0.03848147000673869,0.03848147000673869,-0.9878672451590382,-0.9878672451590382,-0.9878672451590382,-1.0312320857439279,-1.0312320857439279,-1.0312320857439279,5.157904516355268,5.157904516355268,5.157904516355268,0.0,0.0,0.0,10.717407911967538
31,2011-02-05,6.525673406784609,-1.168481275322935,24.002164771536457,6.423508055031393,6.604285183939118,4.608837407576068,4.608837407576068,4.608837407576068,0.016879062075576382,0.016879062075576382,0.016879062075576382,0.378723257762576,0.378723257762576,0.378723257762576,0.6436595866447532,0.6436595866447532,0.6436595866447532,0.24805726680660073,0.24805726680660073,0.24805726680660073,3.9651778209313155,3.9651778209313155,3.9651778209313155,0.0,0.0,0.0,11.134510814360677
32,2011-02-12,6.503976172797909,-1.3861974871425553,23.162986522422,6.395708612182602,6.586261999038896,4.420804000287795,4.420804000287795,4.420804000287795,0.0005380118515133324,0.0005380118515133324,0.0005380118515133324,0.06344946181117693,0.06344946181117693,0.06344946181117693,0.7916213181594831,0.7916213181594831,0.7916213181594831,0.7276338444967929,0.7276338444967929,0.7276338444967929,3.6291826821283126,3.6291826821283126,3.6291826821283126,0.0,0.0,0.0,10.924780173085704
33,2011-02-19,6.4822789388112065,-0.8641895352931753,22.28811297667967,6.369530244183164,6.56859691881471,4.361700179432484,4.361700179432484,4.361700179432484,-0.00914856633117669,-0.00914856633117669,-0.00914856633117669,-0.21818102290842042,-0.21818102290842042,-0.21818102290842042,0.7614349572147442,0.7614349572147442,0.7614349572147442,0.9887645464543412,0.9887645464543412,0.9887645464543412,3.6002652222177387,3.6002652222177387,3.6002652222177387,0.0,0.0,0.0,10.843979118243691
34,2011-02-26,6.460581704824506,-2.0117114742445867,22.224019522230513,6.34235333403354,6.551915065742041,4.014742302211665,4.014742302211665,4.014742302211665,0.01951202820682157,0.01951202820682157,0.01951202820682157,0.11888686763683862,0.11888686763683862,0.11888686763683862,1.3481201902028759,1.3481201902028759,1.3481201902028759,1.209721294359216,1.209721294359216,1.209721294359216,2.6666221120087887,2.6666221120087887,2.6666221120087887,0.0,0.0,0.0,10.475324007036171
35,2011-03-05,6.438884470837805,-3.705166174107492,19.62634787541296,6.315996308681053,6.535881165799433,2.039225337183126,2.039225337183126,2.039225337183126,0.0021695800967562575,0.0021695800967562575,0.0021695800967562575,0.06112193710124777,0.06112193710124777,0.06112193710124777,1.3634042083515001,1.3634042083515001,1.3634042083515001,1.300112691153496,1.300112691153496,1.300112691153496,0.6758211288316256,0.6758211288316256,0.6758211288316256,0.0,0.0,0.0,8.478109808020932
36,2011-03-12,6.417187236851106,-6.183384384006435,18.26438276026491,6.288561170443397,6.5180611512096025,-0.13870189385478932,-0.13870189385478932,-0.13870189385478932,-0.004950562846379596,-0.004950562846379596,-0.004950562846379596,0.3861290180686607,0.3861290180686607,0.3861290180686607,1.0824481423060948,1.0824481423060948,1.0824481423060948,0.7012696870838138,0.7012696870838138,0.7012696870838138,-1.2211500361608842,-1.2211500361608842,-1.2211500361608842,0.0,0.0,0.0,6.2784853429963166
37,2011-03-19,6.395490002864404,-6.926497187119446,17.9513944575405,6.260222756137008,6.504302334894084,-1.199466222903905,-1.199466222903905,-1.199466222903905,-0.023278483141309786,-0.023278483141309786,-0.023278483141309786,0.07804938933526082,0.07804938933526082,0.07804938933526082,0.7346981801213713,0.7346981801213713,0.7346981801213713,0.6799272739274203,0.6799272739274203,0.6799272739274203,-1.9341644030252765,-1.9341644030252765,-1.9341644030252765,0.0,0.0,0.0,5.196023779960499
38,2011-03-26,6.373792768877704,-7.028674021627304,17.477647476758868,6.231938020526085,6.487441586353518,-0.5821442151587546,-0.5821442151587546,-0.5821442151587546,0.022124749994841583,0.022124749994841583,0.022124749994841583,-0.10667143214081115,-0.10667143214081115,-0.10667143214081115,1.043571267802081,1.043571267802081,1.043571267802081,1.1281179499480505,1.1281179499480505,1.1281179499480505,-1.6257154829608356,-1.6257154829608356,-1.6257154829608356,0.0,0.0,0.0,5.791648553718949
39,2011-04-02,6.352095534891003,-5.575326707088956,19.076346210988,6.205896584968599,6.4705468719401145,-0.07026150161475364,-0.07026150161475364,-0.07026150161475364,0.009422240742381247,0.009422240742381247,0.009422240742381247,0.10090144966603636,0.10090144966603636,0.10090144966603636,1.286148210925841,1.286148210925841,1.286148210925841,1.1758245205174234,1.1758245205174234,1.1758245205174234,-1.3564097125405947,-1.3564097125405947,-1.3564097125405947,0.0,0.0,0.0,6.281834033276249
40,2011-04-09,6.330398300904302,-6.433267935968118,18.828884393906296,6.175362914106703,6.453408906275936,-0.5524511417233804,-0.5524511417233804,-0.5524511417233804,-0.021251124383992296,-0.021251124383992296,-0.021251124383992296,-0.11830905539430542,-0.11830905539430542,-0.11830905539430542,1.2358786753997244,1.2358786753997244,1.2358786753997244,1.3754388551780221,1.3754388551780221,1.3754388551780221,-1.788329817123105,-1.788329817123105,-1.788329817123105,0.0,0.0,0.0,5.777947159180922
41,2011-04-16,6.308701066917603,-7.426859265082531,17.048431453204955,6.145865028413344,6.438547359321332,-1.2765339489616336,-1.2765339489616336,-1.2765339489616336,-0.008906342651137223,-0.008906342651137223,-0.008906342651137223,0.6741072972093723,0.6741072972093723,0.6741072972093723,1.2923999136597002,1.2923999136597002,1.2923999136597002,0.6271989591014652,0.6271989591014652,0.6271989591014652,-2.568933862621334,-2.568933862621334,-2.568933862621334,0.0,0.0,0.0,5.03216711795597
42,2011-04-23,6.2870038329309015,-6.7002780219099,17.520442128784527,6.11889297057632,6.420680939651745,-1.5840103052123116,-1.5840103052123116,-1.5840103052123116,0.014397509122831716,0.014397509122831716,0.014397509122831716,0.763188014118697,0.763188014118697,0.763188014118697,1.399762738086408,1.399762738086408,1.399762738086408,0.6221772148448793,0.6221772148448793,0.6221772148448793,-2.9837730432987195,-2.9837730432987195,-2.9837730432987195,0.0,0.0,0.0,4.70299352771859
43,2011-04-30,6.265306598944201,-8.023313867189653,16.81945378275037,6.089157364703804,6.4033343440577495,-1.4402645519311066,-1.4402645519311066,-1.4402645519311066,-0.00488190097119118,-0.00488190097119118,-0.00488190097119118,0.2642513627243771,0.2642513627243771,0.2642513627243771,1.4414711625693695,1.4414711625693695,1.4414711625693695,1.1821017008161836,1.1821017008161836,1.1821017008161836,-2.8817357145004765,-2.8817357145004765,-2.8817357145004765,0.0,0.0,0.0,4.825042047013094
44,2011-05-07,6.2436093649575,-7.334019691746922,17.54220743520469,6.062400894667169,6.386800852889081,-0.9311346646586387,-0.9311346646586387,-0.9311346646586387,-0.00040602517284781973,-0.00040602517284781973,-0.00040602517284781973,0.29895263954487133,0.29895263954487133,0.29895263954487133,1.7945073320595926,1.7945073320595926,1.7945073320595926,1.495960717687569,1.495960717687569,1.495960717687569,-2.7256419967182315,-2.7256419967182315,-2.7256419967182315,0.0,0.0,0.0,5.3124747002988615
45,2011-05-14,6.221912130970797,-8.720181808728496,16.534648915663055,6.03557959275571,6.370822002093661,-2.6352573298617514,-2.6352573298617514,-2.6352573298617514,-0.009308231403220277,-0.009308231403220277,-0.009308231403220277,1.4195499703265402,1.4195499703265402,1.4195499703265402,0.25095517432890924,0.25095517432890924,0.25095517432890924,-1.1592865645944108,-1.1592865645944108,-1.1592865645944108,-2.8862125041906603,-2.8862125041906603,-2.8862125041906603,0.0,0.0,0.0,3.586654801109046
46,2011-05-21,6.2002148969841,-8.071883182863097,16.69974637007996,6.007011654507338,6.353887421838043,-2.0001888369684058,-2.0001888369684058,-2.0001888369684058,0.03223639704265803,0.03223639704265803,0.03223639704265803,1.1082964443826042,1.1082964443826042,1.1082964443826042,1.2128290588120092,1.2128290588120092,1.2128290588120092,0.07229621738674685,0.07229621738674685,0.07229621738674685,-3.213017895780415,-3.213017895780415,-3.213017895780415,0.0,0.0,0.0,4.200026060015695
47,2011-05-28,6.178517662997399,-8.742970112831554,15.05430577447476,5.977413054504373,6.3378304766352285,-2.9587431821585444,-2.9587431821585444,-2.9587431821585444,-0.003910977282703413,-0.003910977282703413,-0.003910977282703413,0.03424960691119019,0.03424960691119019,0.03424960691119019,0.4202601720131487,0.4202601720131487,0.4202601720131487,0.38992154238466187,0.38992154238466187,0.38992154238466187,-3.3790033541716933,-3.3790033541716933,-3.3790033541716933,0.0,0.0,0.0,3.219774480838854
48,2011-06-04,6.156820429010698,-8.371753588626536,15.793720386041338,5.944613610448498,6.320602660200598,-2.7740393486015877,-2.7740393486015877,-2.7740393486015877,0.023941594786661868,0.023941594786661868,0.023941594786661868,0.7202346043434142,0.7202346043434142,0.7202346043434142,0.6181135178983982,0.6181135178983982,0.6181135178983982,-0.12606268123167788,-0.12606268123167788,-0.12606268123167788,-3.3921528664999863,-3.3921528664999863,-3.3921528664999863,0.0,0.0,0.0,3.38278108040911
49,2011-06-11,6.135123195023997,-9.298826631703676,16.44153770711498,5.91794084077181,6.306302007930816,-3.240364038015132,-3.240364038015132,-3.240364038015132,-0.0007703610082987201,-0.0007703610082987201,-0.0007703610082987201,1.0606879853354338,1.0606879853354338,1.0606879853354338,0.2822836241119406,0.2822836241119406,0.2822836241119406,-0.7776340002151946,-0.7776340002151946,-0.7776340002151946,-3.5226476621270724,-3.5226476621270724,-3.5226476621270724,0.0,0.0,0.0,2.894759157008865
50,2011-06-18,6.1134259610372945,-10.655284277371173,13.87769970331407,5.891175916531925,6.291777346464656,-3.8082216506752853,-3.8082216506752853,-3.8082216506752853,-0.014909833239114266,-0.014909833239114266,-0.014909833239114266,0.2162197172048001,0.2162197172048001,0.2162197172048001,-0.0025898334627489474,-0.0025898334627489474,-0.0025898334627489474,-0.2038997174284348,-0.2038997174284348,-0.2038997174284348,-3.8056318172125363,-3.8056318172125363,-3.8056318172125363,0.0,0.0,0.0,2.3052043103620092
51,2011-06-25,6.091728727050597,-9.411694528886043,14.540565617585955,5.863062325468086,6.276498257728018,-3.6086339391446223,-3.6086339391446223,-3.6086339391446223,0.012928808092387783,0.012928808092387783,0.012928808092387783,2.1434101420860308,2.1434101420860308,2.1434101420860308,0.29400818790459066,0.29400818790459066,0.29400818790459066,-1.8623307622738277,-1.8623307622738277,-1.8623307622738277,-3.9026421270492127,-3.9026421270492127,-3.9026421270492127,0.0,0.0,0.0,2.483094787905975
52,2011-07-02,6.070031493063895,-8.933231301441085,15.952855928611305,5.8349421884950115,6.2610628985147025,-2.8469600443401126,-2.8469600443401126,-2.8469600443401126,0.014954540274535721,0.014954540274535721,0.014954540274535721,1.3791356783492301,1.3791356783492301,1.3791356783492301,0.7206574120183076,0.7206574120183076,0.7206574120183076,-0.6734328066054585,-0.6734328066054585,-0.6734328066054585,-3.56761745635842,-3.56761745635842,-3.56761745635842,0.0,0.0,0.0,3.223071448723782
53,2011-07-09,6.048334259077195,-9.14490017361742,16.64321723802558,5.80799215709533,6.248230640383679,-2.2595494317096887,-2.2595494317096887,-2.2595494317096887,0.024903048067106727,0.024903048067106727,0.024903048067106727,1.3905617086627777,1.3905617086627777,1.3905617086627777,0.7947602649503813,0.7947602649503813,0.7947602649503813,-0.6207044917795033,-0.6207044917795033,-0.6207044917795033,-3.05430969666007,-3.05430969666007,-3.05430969666007,0.0,0.0,0.0,3.788784827367506
54,2011-07-16,6.026637025090494,-8.773549735965984,15.173303255640414,5.778757072937297,6.234828964540062,-3.2457304568473404,-3.2457304568473404,-3.2457304568473404,-0.01646856265481352,-0.01646856265481352,-0.01646856265481352,1.6404532208324285,1.6404532208324285,1.6404532208324285,-0.41034084538954085,-0.41034084538954085,-0.41034084538954085,-2.034325503567156,-2.034325503567156,-2.034325503567156,-2.8353896114578,-2.8353896114578,-2.8353896114578,0.0,0.0,0.0,2.7809065682431537
55,2011-07-23,6.004939791103792,-10.244495702866455,14.949706760891864,5.749853264889455,6.22277456481755,-3.5048320890467237,-3.5048320890467237,-3.5048320890467237,-0.013585415660469486,-0.013585415660469486,-0.013585415660469486,0.719388231842723,0.719388231842723,0.719388231842723,-0.5363425288654999,-0.5363425288654999,-0.5363425288654999,-1.2421453450477535,-1.2421453450477535,-1.2421453450477535,-2.9684895601812245,-2.9684895601812245,-2.9684895601812245,0.0,0.0,0.0,2.500107702057068
56,2011-07-30,5.983242557117094,-9.234243109001483,15.359692837254668,5.720639962296684,6.211011886655624,-2.8699631336478637,-2.8699631336478637,-2.8699631336478637,0.009496060051034082,0.009496060051034082,0.009496060051034082,1.1315716910376896,1.1315716910376896,1.1315716910376896,0.12364546207237254,0.12364546207237254,0.12364546207237254,-1.0174222890163511,-1.0174222890163511,-1.0174222890163511,-2.9936085957202363,-2.9936085957202363,-2.9936085957202363,0.0,0.0,0.0,3.1132794234692307
57,2011-08-06,5.961545323130392,-9.272325014024707,15.575418408866758,5.693732386034081,6.193360763110329,-3.199078762555616,-3.199078762555616,-3.199078762555616,-0.03249128021642644,-0.03249128021642644,-0.03249128021642644,0.872370080324516,0.872370080324516,0.872370080324516,-0.6395439616564671,-0.6395439616564671,-0.6395439616564671,-1.4794227617645566,-1.4794227617645566,-1.4794227617645566,-2.5595348008991485,-2.5595348008991485,-2.5595348008991485,0.0,0.0,0.0,2.762466560574776
58,2011-08-13,5.939848089143692,-8.499632433212636,14.806006008820141,5.666657288248681,6.1805389953173036,-2.514242228972346,-2.514242228972346,-2.514242228972346,-0.015164225061624171,-0.015164225061624171,-0.015164225061624171,0.38782176321797146,0.38782176321797146,0.38782176321797146,-0.5669277146632454,-0.5669277146632454,-0.5669277146632454,-0.9395852528195927,-0.9395852528195927,-0.9395852528195927,-1.9473145143091002,-1.9473145143091002,-1.9473145143091002,0.0,0.0,0.0,3.425605860171346
59,2011-08-20,5.918150855156991,-10.601060533052442,14.430924500224657,5.638339189880217,6.166683028853122,-4.080771883814676,-4.080771883814676,-4.080771883814676,-0.01000004726113402,-0.01000004726113402,-0.01000004726113402,0.5204906691670034,0.5204906691670034,0.5204906691670034,-2.35367812206113,-2.35367812206113,-2.35367812206113,-2.8641687439669994,-2.8641687439669994,-2.8641687439669994,-1.7270937617535458,-1.7270937617535458,-1.7270937617535458,0.0,0.0,0.0,1.8373789713423152
60,2011-08-27,5.896453621170289,-9.224060352716256,15.058828177716748,5.609289536853947,6.158185575930887,-3.343832844836153,-3.343832844836153,-3.343832844836153,-0.006556083218872555,-0.006556083218872555,-0.006556083218872555,0.18998216627912515,0.18998216627912515,0.18998216627912515,-1.398942436271864,-1.398942436271864,-1.398942436271864,-1.5823685193321166,-1.5823685193321166,-1.5823685193321166,-1.9448904085642886,-1.9448904085642886,-1.9448904085642886,0.0,0.0,0.0,2.5526207763341358
61,2011-09-03,5.8747563871835915,-11.050990865769231,14.79418604108826,5.582487349970888,6.140693336442818,-3.7174943022755325,-3.7174943022755325,-3.7174943022755325,-0.014851701596208147,-0.014851701596208147,-0.014851701596208147,0.20056182409198167,0.20056182409198167,0.20056182409198167,-1.7732892169589751,-1.7732892169589751,-1.7732892169589751,-1.9589993394547487,-1.9589993394547487,-1.9589993394547487,-1.9442050853165571,-1.9442050853165571,-1.9442050853165571,0.0,0.0,0.0,2.157262084908059
62,2011-09-10,5.853059153196889,-8.878681997130697,15.744010735272326,5.554680100504542,6.122680729365523,-2.7468148786663353,-2.7468148786663353,-2.7468148786663353,-0.0012334871983851509,-0.0012334871983851509,-0.0012334871983851509,0.012032325844797295,0.012032325844797295,0.012032325844797295,-1.597933838098684,-1.597933838098684,-1.597933838098684,-1.6087326767450962,-1.6087326767450962,-1.6087326767450962,-1.1488810405676515,-1.1488810405676515,-1.1488810405676515,0.0,0.0,0.0,3.1062442745305536
63,2011-09-17,5.831361919210188,-7.09833526475494,17.805201471505786,5.525177615195715,6.108883446265112,-0.7924991206620526,-0.7924991206620526,-0.7924991206620526,0.02658912641681207,0.02658912641681207,0.02658912641681207,-0.5171621461863406,-0.5171621461863406,-0.5171621461863406,-0.9681577998409141,-0.9681577998409141,-0.9681577998409141,-0.47758478007138555,-0.47758478007138555,-0.47758478007138555,0.17565867917886152,0.17565867917886152,0.17565867917886152,0.0,0.0,0.0,5.038862798548136
64,2011-09-24,5.809664685223488,-6.066482710216139,18.588878462162675,5.496806703368343,6.0919382286567165,0.7731710686795573,0.7731710686795573,0.7731710686795573,-0.02850473150367062,-0.02850473150367062,-0.02850473150367062,0.0014526683281343772,0.0014526683281343772,0.0014526683281343772,-0.45441940059319746,-0.45441940059319746,-0.45441940059319746,-0.42736733741766125,-0.42736733741766125,-0.42736733741766125,1.2275904692727546,1.2275904692727546,1.2275904692727546,0.0,0.0,0.0,6.582835753903046
65,2011-10-01,5.787967451236786,-5.439225324722107,20.30495740132121,5.468542541678008,6.08029625981004,2.017546271243619,2.017546271243619,2.017546271243619,-0.018449759548869793,-0.018449759548869793,-0.018449759548869793,0.009070021722346592,0.009070021722346592,0.009070021722346592,0.3202808733033638,0.3202808733033638,0.3202808733033638,0.329660611129887,0.329660611129887,0.329660611129887,1.6972653979402552,1.6972653979402552,1.6972653979402552,0.0,0.0,0.0,7.805513722480405
66,2011-10-08,5.766270217250089,-3.465400918205051,21.259915271705964,5.440456083445456,6.064588441339005,2.7354602437145736,2.7354602437145736,2.7354602437145736,-0.026572921285668166,-0.026572921285668166,-0.026572921285668166,0.4229462262147207,0.4229462262147207,0.4229462262147207,0.603001181465044,0.603001181465044,0.603001181465044,0.20662787653599146,0.20662787653599146,0.20662787653599146,2.13245906224953,2.13245906224953,2.13245906224953,0.0,0.0,0.0,8.501730460964662
67,2011-10-15,5.744572983263386,-2.7153406494185757,21.150428074343992,5.408403711757746,6.04923795519028,3.2895023952894795,3.2895023952894795,3.2895023952894795,-0.0008893900386501281,-0.0008893900386501281,-0.0008893900386501281,-0.5601155559617075,-0.5601155559617075,-0.5601155559617075,0.23944419043660953,0.23944419043660953,0.23944419043660953,0.8004491364369671,0.8004491364369671,0.8004491364369671,3.05005820485287,3.05005820485287,3.05005820485287,0.0,0.0,0.0,9.034075378552865
68,2011-10-22,5.722875749276685,-1.8446216216548923,21.960994334066843,5.378345837582341,6.033320304078889,3.919983102028798,3.919983102028798,3.919983102028798,-0.0027369924034499954,-0.0027369924034499954,-0.0027369924034499954,-1.4206649035295114,-1.4206649035295114,-1.4206649035295114,-0.020343447211903447,-0.020343447211903447,-0.020343447211903447,1.403058448721058,1.403058448721058,1.403058448721058,3.9403265492407016,3.9403265492407016,3.9403265492407016,0.0,0.0,0.0,9.642858851305483
69,2011-10-29,5.701178515289985,-2.788904653959273,22.472145824686564,5.348470863562369,6.018899480880698,4.217010846139806,4.217010846139806,4.217010846139806,-0.03997981693167311,-0.03997981693167311,-0.03997981693167311,-0.11682790333308009,-0.11682790333308009,-0.11682790333308009,0.5469728389912945,0.5469728389912945,0.5469728389912945,0.7037805592560477,0.7037805592560477,0.7037805592560477,3.6700380071485115,3.6700380071485115,3.6700380071485115,0.0,0.0,0.0,9.918189361429793
70,2011-11-05,5.679481281303286,-4.257451990589413,20.01300008200931,5.319019239669927,6.005856992984761,2.305142707150075,2.305142707150075,2.305142707150075,-0.030030096292111598,-0.030030096292111598,-0.030030096292111598,-0.2395519313260674,-0.2395519313260674,-0.2395519313260674,0.24337224936038157,0.24337224936038157,0.24337224936038157,0.5129542769785606,0.5129542769785606,0.5129542769785606,2.0617704577896934,2.0617704577896934,2.0617704577896934,0.0,0.0,0.0,7.984623988453361
71,2011-11-12,5.657784047316586,-6.24859851056535,18.943349015442756,5.288234493076114,5.992732137432964,0.8735715756107849,0.8735715756107849,0.8735715756107849,-0.0014933821724268741,-0.0014933821724268741,-0.0014933821724268741,-0.6838975496915681,-0.6838975496915681,-0.6838975496915681,0.20042785711066666,0.20042785711066666,0.20042785711066666,0.8858187889746617,0.8858187889746617,0.8858187889746617,0.6731437185001182,0.6731437185001182,0.6731437185001182,0.0,0.0,0.0,6.531355622927371
72,2011-11-19,5.636086813329883,-4.178726693448085,19.826344199566634,5.2600028605246845,5.980826412368199,2.5131041585744174,2.5131041585744174,2.5131041585744174,0.0091978300440766,0.0091978300440766,0.0091978300440766,-0.029016745396853377,-0.029016745396853377,-0.029016745396853377,1.0869566214388806,1.0869566214388806,1.0869566214388806,1.1067755367916574,1.1067755367916574,1.1067755367916574,1.426147537135537,1.426147537135537,1.426147537135537,0.0,0.0,0.0,8.1491909719043
73,2011-11-26,5.614389579343182,-1.7329247363562907,22.674318150335093,5.231709125790183,5.964794857873868,4.690227938211578,4.690227938211578,4.690227938211578,-0.013738580099344188,-0.013738580099344188,-0.013738580099344188,-0.721984316958907,-0.721984316958907,-0.721984316958907,0.3773298201200452,0.3773298201200452,0.3773298201200452,1.1130527171782965,1.1130527171782965,1.1130527171782965,4.312898118091533,4.312898118091533,4.312898118091533,0.0,0.0,0.0,10.30461751755476
74,2011-12-03,5.5926923453564825,0.49937061523282655,25.3137333353775,5.200591434750013,5.947680090203282,7.094407152638242,7.094407152638242,7.094407152638242,-0.01739182259007515,-0.01739182259007515,-0.01739182259007515,-0.6936308345594853,-0.6936308345594853,-0.6936308345594853,0.22626901060888205,0.22626901060888205,0.22626901060888205,0.9372916677584424,0.9372916677584424,0.9372916677584424,6.868138142029359,6.868138142029359,6.868138142029359,0.0,0.0,0.0,12.687099497994724
75,2011-12-10,5.5709951113697835,1.0226659566216296,24.518110116559242,5.169916902642468,5.934948699881467,7.151425364324333,7.151425364324333,7.151425364324333,0.003160453417985523,0.003160453417985523,0.003160453417985523,-0.3445021345844347,-0.3445021345844347,-0.3445021345844347,0.7453468785988713,0.7453468785988713,0.7453468785988713,1.0866885597653204,1.0866885597653204,1.0866885597653204,6.406078485725461,6.406078485725461,6.406078485725461,0.0,0.0,0.0,12.722420475694117
76,2011-12-17,5.549297877383081,-2.2384500878837135,21.291220393294445,5.136837765833022,5.916939336551942,4.296671695203323,4.296671695203323,4.296671695203323,-0.008342969556524766,-0.008342969556524766,-0.008342969556524766,0.5551919461356364,0.5551919461356364,0.5551919461356364,1.4364340737681816,1.4364340737681816,1.4364340737681816,0.88958509718907,0.88958509718907,0.88958509718907,2.8602376214351417,2.8602376214351417,2.8602376214351417,0.0,0.0,0.0,9.845969572586405
77,2011-12-24,5.52760064339638,-5.69905565578257,17.238526556317698,5.111111883333553,5.90409999980417,0.38511072682124947,0.38511072682124947,0.38511072682124947,-0.011040301590907802,-0.011040301590907802,-0.011040301590907802,0.43035198666894425,0.43035198666894425,0.43035198666894425,1.2674673919964938,1.2674673919964938,1.2674673919964938,0.8481557069184575,0.8481557069184575,0.8481557069184575,-0.8823566651752446,-0.8823566651752446,-0.8823566651752446,0.0,0.0,0.0,5.91271137021763
78,2012-01-01,5.5028038045544365,-7.16461489540246,16.598807055077266,5.080242086459701,5.888161058201154,-0.4658063285880989,-0.4658063285880989,-0.4658063285880989,0.009977758669101734,0.009977758669101734,0.009977758669101734,-0.2844096793389147,-0.2844096793389147,-0.2844096793389147,1.025680770483683,1.025680770483683,1.025680770483683,1.300112691153496,1.300112691153496,1.300112691153496,-1.491487099071782,-1.491487099071782,-1.491487099071782,0.0,0.0,0.0,5.036997475966338
79,2012-01-08,5.481106570567736,-4.255171829733566,21.688503765205844,5.051058741833638,5.875265049289842,2.7940682842875035,2.7940682842875035,2.7940682842875035,-0.0011015135767889813,-0.0011015135767889813,-0.0011015135767889813,0.825396400689867,0.825396400689867,0.825396400689867,1.407553583859579,1.407553583859579,1.407553583859579,0.5832586967465009,0.5832586967465009,0.5832586967465009,1.3865147004279244,1.3865147004279244,1.3865147004279244,0.0,0.0,0.0,8.275174854855239
80,2012-01-15,5.459409336581037,-1.198792041296204,23.742316312931045,5.021693425722783,5.859413224298049,5.986829628038591,5.986829628038591,5.986829628038591,0.005876811281093894,0.005876811281093894,0.005876811281093894,0.5482093720058068,0.5482093720058068,0.5482093720058068,1.2666547950139393,1.2666547950139393,1.2666547950139393,0.7125686117270386,0.7125686117270386,0.7125686117270386,4.720174833024652,4.720174833024652,4.720174833024652,0.0,0.0,0.0,11.446238964619628
81,2012-01-22,5.437712102594336,1.0965033265027204,24.062163371306973,4.99991374922546,5.845373456571874,6.784402445923403,6.784402445923403,6.784402445923403,0.0061771949415859746,0.0061771949415859746,0.0061771949415859746,0.3442335740301673,0.3442335740301673,0.3442335740301673,0.7616747245128086,0.7616747245128086,0.7616747245128086,0.4112639555410553,0.4112639555410553,0.4112639555410553,6.022727721410594,6.022727721410594,6.022727721410594,0.0,0.0,0.0,12.22211454851774
82,2012-01-29,5.4160148686076335,-1.0607663607377413,24.04773213662792,4.968254731461866,5.831877498626342,5.589808732162445,5.589808732162445,5.589808732162445,-0.011498559390504181,-0.011498559390504181,-0.011498559390504181,0.39967097970769005,0.39967097970769005,0.39967097970769005,0.3838870375493502,0.3838870375493502,0.3838870375493502,-0.004285382767835691,-0.004285382767835691,-0.004285382767835691,5.205921694613095,5.205921694613095,5.205921694613095,0.0,0.0,0.0,11.005823600770078
83,2012-02-05,5.394317634620933,-2.4160131097778024,23.31691738737366,4.942009687975071,5.817418628778858,5.236577685570263,5.236577685570263,5.236577685570263,0.016804982061495666,0.016804982061495666,0.016804982061495666,0.3427524218208872,0.3427524218208872,0.3427524218208872,1.241609884642636,1.241609884642636,1.241609884642636,0.8820524807602533,0.8820524807602533,0.8820524807602533,3.994967800927627,3.994967800927627,3.994967800927627,0.0,0.0,0.0,10.630895320191197
84,2012-02-12,5.372620400634235,-2.433010024750708,22.706996409401377,4.916402927218977,5.8036137440813125,4.620961240800217,4.620961240800217,4.620961240800217,0.010489353398735114,0.010489353398735114,0.010489353398735114,-0.07070059634717711,-0.07070059634717711,-0.07070059634717711,0.9925805429750827,0.9925805429750827,0.9925805429750827,1.0527917859235247,1.0527917859235247,1.0527917859235247,3.6283806978251345,3.6283806978251345,3.6283806978251345,0.0,0.0,0.0,9.993581641434453
85,2012-02-19,5.350923166647534,-1.699580534468416,22.069842100828918,4.885994401251986,5.790718902960771,4.166131965369906,4.166131965369906,4.166131965369906,-0.005806356750915442,-0.005806356750915442,-0.005806356750915442,0.1595127525541374,0.1595127525541374,0.1595127525541374,0.5549268628311089,0.5549268628311089,0.5549268628311089,0.40122046702788683,0.40122046702788683,0.40122046702788683,3.611205102538797,3.611205102538797,3.611205102538797,0.0,0.0,0.0,9.51705513201744
86,2012-02-26,5.329225932660833,-4.5550268394823314,20.357576325853206,4.854212238076231,5.776214859465007,2.469477027553746,2.469477027553746,2.469477027553746,0.02172235116692139,0.02172235116692139,0.02172235116692139,-0.04150074144714825,-0.04150074144714825,-0.04150074144714825,-0.25255313729387163,-0.25255313729387163,-0.25255313729387163,-0.23277474701364478,-0.23277474701364478,-0.23277474701364478,2.7220301648476175,2.7220301648476175,2.7220301648476175,0.0,0.0,0.0,7.7987029602145785
87,2012-03-04,5.307528698674131,-4.8584666577093225,20.504060834155474,4.824102679900954,5.760968904540739,1.747609939514019,1.747609939514019,1.747609939514019,-0.004891456391873604,-0.004891456391873604,-0.004891456391873604,1.1182413226348422,1.1182413226348422,1.1182413226348422,0.993564365310051,0.993564365310051,0.993564365310051,-0.11978550093291772,-0.11978550093291772,-0.11978550093291772,0.7540455742039679,0.7540455742039679,0.7540455742039679,0.0,0.0,0.0,7.05513863818815
88,2012-03-11,5.28583146468743,-7.588160265081473,17.18126604747706,4.7995991665248585,5.745929287549214,-0.18952968572366521,-0.18952968572366521,-0.18952968572366521,0.006312393375974728,0.006312393375974728,0.006312393375974728,0.356082790371789,0.356082790371789,0.356082790371789,0.9808060903782347,0.9808060903782347,0.9808060903782347,0.618410906630471,0.618410906630471,0.618410906630471,-1.1703357761019,-1.1703357761019,-1.1703357761019,0.0,0.0,0.0,5.096301778963765
89,2012-03-18,5.264134230700731,-8.655702183171401,16.359944370477695,4.7712176546352865,5.734396159314239,-1.1865930542144483,-1.1865930542144483,-1.1865930542144483,0.01189894797467307,0.01189894797467307,0.01189894797467307,0.7270055852369353,0.7270055852369353,0.7270055852369353,0.7446626390448233,0.7446626390448233,0.7446626390448233,0.005758105833214865,0.005758105833214865,0.005758105833214865,-1.9312556932592713,-1.9312556932592713,-1.9312556932592713,0.0,0.0,0.0,4.077541176486283
90,2012-03-25,5.242436996714031,-7.7073555957146,15.854746389311128,4.741008181255925,5.716390218263675,-1.2574022814858108,-1.2574022814858108,-1.2574022814858108,-0.00306894975826107,-0.00306894975826107,-0.00306894975826107,0.5797367516157649,0.5797367516157649,0.5797367516157649,0.3853224451144683,0.3853224451144683,0.3853224451144683,-0.19134535674303552,-0.19134535674303552,-0.19134535674303552,-1.642724726600279,-1.642724726600279,-1.642724726600279,0.0,0.0,0.0,3.9850347152282204
91,2012-04-01,5.22073976272733,-7.623595271172126,15.681231515380286,4.710858716620978,5.698384277213112,-0.4870371399308748,-0.4870371399308748,-0.4870371399308748,0.006048587820514928,0.006048587820514928,0.006048587820514928,-0.05546588941065587,-0.05546588941065587,-0.05546588941065587,0.8677873890540827,0.8677873890540827,0.8677873890540827,0.9172046906442236,0.9172046906442236,0.9172046906442236,-1.3548245289849574,-1.3548245289849574,-1.3548245289849574,0.0,0.0,0.0,4.733702622796455
92,2012-04-08,5.199042528740628,-6.083463235412806,17.26888938271046,4.675754655996264,5.680401870514528,-0.45979754423153557,-0.45979754423153557,-0.45979754423153557,0.010160150453444589,0.010160150453444589,0.010160150453444589,1.0080012905440952,1.0080012905440952,1.0080012905440952,1.302626353730288,1.302626353730288,1.302626353730288,0.2844649127327483,0.2844649127327483,0.2844649127327483,-1.7624238979618236,-1.7624238979618236,-1.7624238979618236,0.0,0.0,0.0,4.739244984509092
93,2012-04-15,5.177345294753927,-8.359490107794128,16.416306161442545,4.638456632666606,5.664406661189444,-1.5269385083611067,-1.5269385083611067,-1.5269385083611067,0.020279573324022793,0.020279573324022793,0.020279573324022793,-0.16147405840585452,-0.16147405840585452,-0.16147405840585452,1.0170539304936064,1.0170539304936064,1.0170539304936064,1.158248415575438,1.158248415575438,1.158248415575438,-2.543992438854713,-2.543992438854713,-2.543992438854713,0.0,0.0,0.0,3.6504067863928205
94,2012-04-22,5.155648060767228,-9.446523357304368,16.267928795682746,4.605804718749639,5.655595907065256,-1.6595404845339419,-1.6595404845339419,-1.6595404845339419,-0.014461453908230504,-0.014461453908230504,-0.014461453908230504,0.08312762478327741,0.08312762478327741,0.08312762478327741,1.3198168554169962,1.3198168554169962,1.3198168554169962,1.2511506845419493,1.2511506845419493,1.2511506845419493,-2.9793573399509383,-2.9793573399509383,-2.9793573399509383,0.0,0.0,0.0,3.4961075762332863
95,2012-04-29,5.133950826780528,-9.705580312805983,15.753600782829567,4.573459884918003,5.641310610360004,-2.1419170433592667,-2.1419170433592667,-2.1419170433592667,-0.03383137979330865,-0.03383137979330865,-0.03383137979330865,0.10047826319354555,0.10047826319354555,0.10047826319354555,0.7478295933698347,0.7478295933698347,0.7478295933698347,0.6811827099695977,0.6811827099695977,0.6811827099695977,-2.889746636729101,-2.889746636729101,-2.889746636729101,0.0,0.0,0.0,2.9920337834212614
96,2012-05-06,5.1122535927938255,-9.586931009134709,15.439230602555497,4.5425064743042025,5.62702531365475,-2.0863073968525896,-2.0863073968525896,-2.0863073968525896,0.009424672103871613,0.009424672103871613,0.009424672103871613,-0.055465889410613776,-0.055465889410613776,-0.055465889410613776,0.6401632370073205,0.6401632370073205,0.6401632370073205,0.6862044543140626,0.6862044543140626,0.6862044543140626,-2.7264706338599094,-2.7264706338599094,-2.7264706338599094,0.0,0.0,0.0,3.025946195941236
97,2012-05-13,5.090556358807125,-9.701712828840035,15.548579053308917,4.511346798752124,5.612740016949497,-1.92705840466713,-1.92705840466713,-1.92705840466713,-0.008776936411254677,-0.008776936411254677,-0.008776936411254677,1.5816303245599221,1.5816303245599221,1.5816303245599221,0.948382588154756,0.948382588154756,0.948382588154756,-0.6244707999939115,-0.6244707999939115,-0.6244707999939115,-2.875440992821886,-2.875440992821886,-2.875440992821886,0.0,0.0,0.0,3.163497954139995
98,2012-05-20,5.068859124820424,-8.880325758329247,15.877187291942361,4.4803010879773595,5.604031894509138,-1.8289900993207997,-1.8289900993207997,-1.8289900993207997,-0.030579170260756204,-0.030579170260756204,-0.030579170260756204,0.7784227210552601,0.7784227210552601,0.7784227210552601,1.3737870738537916,1.3737870738537916,1.3737870738537916,0.6259435230592877,0.6259435230592877,0.6259435230592877,-3.202777173174591,-3.202777173174591,-3.202777173174591,0.0,0.0,0.0,3.2398690254996243
99,2012-05-27,5.047161890833725,-10.867786848130239,13.550499940829546,4.449205159584968,5.600995672951018,-3.02823920052076,-3.02823920052076,-3.02823920052076,0.013833183886656605,0.013833183886656605,0.013833183886656605,1.0435489400133353,1.0435489400133353,1.0435489400133353,0.34879710741056336,0.34879710741056336,0.34879710741056336,-0.7085850164894286,-0.7085850164894286,-0.7085850164894286,-3.377036307931324,-3.377036307931324,-3.377036307931324,0.0,0.0,0.0,2.018922690312965
100,2012-06-03,5.025464656847024,-11.72511075644324,13.545311782445232,4.4260605495694705,5.582294781601013,-3.7846264255947792,-3.7846264255947792,-3.7846264255947792,0.005259863221053781,0.005259863221053781,0.005259863221053781,0.37639573290450795,0.37639573290450795,0.37639573290450795,-0.3934675319174021,-0.3934675319174021,-0.3934675319174021,-0.7751231280429638,-0.7751231280429638,-0.7751231280429638,-3.3911588936773773,-3.3911588936773773,-3.3911588936773773,0.0,0.0,0.0,1.240838231252245
101,2012-06-10,5.003767422860323,-10.45581304130188,15.274168759130038,4.39808113070825,5.571653986503762,-3.3459650098999796,-3.3459650098999796,-3.3459650098999796,0.014554578475615206,0.014554578475615206,0.014554578475615206,0.491925593679496,0.491925593679496,0.491925593679496,0.16824879548955285,0.16824879548955285,0.16824879548955285,-0.33823137666555836,-0.33823137666555836,-0.33823137666555836,-3.514213805389532,-3.514213805389532,-3.514213805389532,0.0,0.0,0.0,1.657802412960343
102,2012-06-17,4.982070188873622,-10.541581929064103,14.506319686814429,4.364733194248294,5.56031916515237,-3.1387049967901683,-3.1387049967901683,-3.1387049967901683,0.015202964209751079,0.015202964209751079,0.015202964209751079,1.7187426866926299,1.7187426866926299,1.7187426866926299,0.6575178666734338,0.6575178666734338,0.6575178666734338,-1.0764277842289471,-1.0764277842289471,-1.0764277842289471,-3.796222863463602,-3.796222863463602,-3.796222863463602,0.0,0.0,0.0,1.8433651920834535
103,2012-06-24,4.960372954886921,-10.843070735966787,13.631955551147174,4.335889993618907,5.544851738846523,-3.7359316779236837,-3.7359316779236837,-3.7359316779236837,-0.016177082651434183,-0.016177082651434183,-0.016177082651434183,0.5450354747952286,0.5450354747952286,0.5450354747952286,0.17054003845189916,0.17054003845189916,0.17054003845189916,-0.3583183536918953,-0.3583183536918953,-0.3583183536918953,-3.906471716375583,-3.906471716375583,-3.906471716375583,0.0,0.0,0.0,1.2244412769632373
104,2012-07-01,4.938675720900222,-10.84642608643605,12.681894583222407,4.3036397073404205,5.52920644431633,-3.915435349262066,-3.915435349262066,-3.915435349262066,0.01202443796562825,0.01202443796562825,0.01202443796562825,0.21854724191477135,0.21854724191477135,0.21854724191477135,-0.3298718806443287,-0.3298718806443287,-0.3298718806443287,-0.5604435605247283,-0.5604435605247283,-0.5604435605247283,-3.585563468617737,-3.585563468617737,-3.585563468617737,0.0,0.0,0.0,1.0232403716381562
105,2012-07-08,4.916978486913521,-10.857929187338884,15.17729676761183,4.271274572458046,5.5136163193296035,-2.5230207744986615,-2.5230207744986615,-2.5230207744986615,0.0017460074540854343,0.0017460074540854343,0.0017460074540854343,1.4959350980974002,1.4959350980974002,1.4959350980974002,0.5467969280886678,0.5467969280886678,0.5467969280886678,-0.9508841774628177,-0.9508841774628177,-0.9508841774628177,-3.0698177025873292,-3.0698177025873292,-3.0698177025873292,0.0,0.0,0.0,2.39395771241486
106,2012-07-15,4.89528125292682,-10.03588103156454,15.386243187180126,4.24881112954404,5.501609701241647,-3.05288127360252,-3.05288127360252,-3.05288127360252,0.012353963958948961,0.012353963958948961,0.012353963958948961,1.0526474456169117,1.0526474456169117,1.0526474456169117,-0.21731788961244725,-0.21731788961244725,-0.21731788961244725,-1.282319299188308,-1.282319299188308,-1.282319299188308,-2.8355633839900727,-2.8355633839900727,-2.8355633839900727,0.0,0.0,0.0,1.8423999793242998
107,2012-07-22,4.873584018940119,-10.69853590521288,14.781748644543997,4.215340820861637,5.492773829284696,-3.2085815105471887,-3.2085815105471887,-3.2085815105471887,0.0009622702628096484,0.0009622702628096484,0.0009622702628096484,0.29175847232695623,0.29175847232695623,0.29175847232695623,-0.24638040477856904,-0.24638040477856904,-0.24638040477856904,-0.5391011473683349,-0.5391011473683349,-0.5391011473683349,-2.9622011057686195,-2.9622011057686195,-2.9622011057686195,0.0,0.0,0.0,1.6650025083929303
108,2012-07-29,4.851886784953418,-10.990906613545487,13.634845699310269,4.178737258774364,5.480113411518222,-3.321892817688499,-3.321892817688499,-3.321892817688499,-0.034066173368653745,-0.034066173368653745,-0.034066173368653745,2.669430717054729,2.669430717054729,2.669430717054729,-0.3217064693353154,-0.3217064693353154,-0.3217064693353154,-2.9570710130213906,-2.9570710130213906,-2.9570710130213906,-3.000186348353184,-3.000186348353184,-3.000186348353184,0.0,0.0,0.0,1.529993967264919
109,2012-08-05,4.830189550966719,-11.80161042511672,13.374180054257142,4.141934809283273,5.4620212021785175,-3.205192483803068,-3.205192483803068,-3.205192483803068,0.00045624102731039995,0.00045624102731039995,0.00045624102731039995,0.9783782493197145,0.9783782493197145,0.9783782493197145,-0.6236210060114304,-0.6236210060114304,-0.6236210060114304,-1.6024554963584554,-1.6024554963584554,-1.6024554963584554,-2.5815714777916376,-2.5815714777916376,-2.5815714777916376,0.0,0.0,0.0,1.624997067163651
110,2012-08-12,4.808492316980018,-11.337425804302404,12.72339682621067,4.108654142275129,5.451494063931036,-3.340865027749182,-3.340865027749182,-3.340865027749182,-0.006739874878012895,-0.006739874878012895,-0.006739874878012895,0.8649643200183892,0.8649643200183892,0.8649643200183892,-1.3757153930873782,-1.3757153930873782,-1.3757153930873782,-2.2339398382277547,-2.2339398382277547,-2.2339398382277547,-1.9651496346618036,-1.9651496346618036,-1.9651496346618036,0.0,0.0,0.0,1.4676272892308364
111,2012-08-19,4.786795082993317,-9.9183345035159,12.769302037772016,4.079292875879683,5.440553338961577,-3.2074353671422715,-3.2074353671422715,-3.2074353671422715,0.013433488460673253,0.013433488460673253,0.013433488460673253,0.8349180924696565,0.8349180924696565,0.8349180924696565,-1.4822568344783458,-1.4822568344783458,-1.4822568344783458,-2.3306084154086757,-2.3306084154086757,-2.3306084154086757,-1.7251785326639255,-1.7251785326639255,-1.7251785326639255,0.0,0.0,0.0,1.5793597158510453
112,2012-08-26,4.765097849006616,-9.744306084242442,14.010557536347859,4.049729192190493,5.4370822629840045,-2.2165080852781425,-2.2165080852781425,-2.2165080852781425,-0.0433015214632813,-0.0433015214632813,-0.0433015214632813,0.23653265973747684,0.23653265973747684,0.23653265973747684,-0.2805873335827817,-0.2805873335827817,-0.2805873335827817,-0.4738184718569773,-0.4738184718569773,-0.4738184718569773,-1.935920751695361,-1.935920751695361,-1.935920751695361,0.0,0.0,0.0,2.5485897637284736
113,2012-09-02,4.743400615019915,-10.818237967573731,12.930667837813068,4.01998832458092,5.424241084690452,-3.583756158632201,-3.583756158632201,-3.583756158632201,0.020962100134191284,0.020962100134191284,0.020962100134191284,-0.3093776712914497,-0.3093776712914497,-0.3093776712914497,-1.6272294933859315,-1.6272294933859315,-1.6272294933859315,-1.338813922228673,-1.338813922228673,-1.338813922228673,-1.9565266652462694,-1.9565266652462694,-1.9565266652462694,0.0,0.0,0.0,1.1596444563877144
114,2012-09-09,4.721703381033216,-9.254045882192925,14.225144289768304,3.990165955366228,5.413926155221468,-2.5881932535145755,-2.5881932535145755,-2.5881932535145755,-0.020069051968965534,-0.020069051968965534,-0.020069051968965534,0.21241104043360348,0.21241104043360348,0.21241104043360348,-1.3975591472084148,-1.3975591472084148,-1.3975591472084148,-1.5899011356730528,-1.5899011356730528,-1.5899011356730528,-1.1906341063061607,-1.1906341063061607,-1.1906341063061607,0.0,0.0,0.0,2.1335101275186408
115,2012-09-16,4.7000061470465155,-9.362793670947555,15.157627367645455,3.9601094059364357,5.403657466163797,-1.337066499530071,-1.337066499530071,-1.337066499530071,-0.024511296767113423,-0.024511296767113423,-0.024511296767113423,-0.3307485797091388,-0.3307485797091388,-0.3307485797091388,-1.4655844344591145,-1.4655844344591145,-1.4655844344591145,-1.1103245579828622,-1.1103245579828622,-1.1103245579828622,0.12851793492904354,0.12851793492904354,0.12851793492904354,0.0,0.0,0.0,3.362939647516445
116,2012-09-23,4.678308913059814,-7.705666405198059,14.559429186236343,3.922533292372066,5.3916931812964215,-1.4581129519253113,-1.4581129519253113,-1.4581129519253113,-0.03859532942194108,-0.03859532942194108,-0.03859532942194108,-0.7683232171810344,-0.7683232171810344,-0.7683232171810344,-2.659205820363635,-2.659205820363635,-2.659205820363635,-1.8522872737606593,-1.8522872737606593,-1.8522872737606593,1.2010928684383235,1.2010928684383235,1.2010928684383235,0.0,0.0,0.0,3.2201959611345026
117,2012-09-30,4.656611679073113,-7.936550573520954,18.119758456972686,3.8877022523744316,5.382480177818019,0.1531443670986492,0.1531443670986492,0.1531443670986492,-0.018424816840433615,-0.018424816840433615,-0.018424816840433615,-0.8169896419649519,-0.8169896419649519,-0.8169896419649519,-1.5327005506515894,-1.5327005506515894,-1.5327005506515894,-0.6972860918462038,-0.6972860918462038,-0.6972860918462038,1.6858449177502386,1.6858449177502386,1.6858449177502386,0.0,0.0,0.0,4.8097560461717626
118,2012-10-07,4.634914445086412,-5.7480683933861,17.884103276746394,3.8541385011599933,5.369658334139374,1.2378226712259859,1.2378226712259859,1.2378226712259859,0.008603149628082314,0.008603149628082314,0.008603149628082314,0.23526310091247582,0.23526310091247582,0.23526310091247582,-0.8714800516988884,-0.8714800516988884,-0.8714800516988884,-1.1153463022394465,-1.1153463022394465,-1.1153463022394465,2.109302722924874,2.109302722924874,2.109302722924874,0.0,0.0,0.0,5.872737116312399
119,2012-10-14,4.613217211099713,-4.92130930654711,19.69145295604464,3.8237212898988613,5.355270202201226,2.5744899124339593,2.5744899124339593,2.5744899124339593,0.010290174451841022,0.010290174451841022,0.010290174451841022,-1.0442406868919545,-1.0442406868919545,-1.0442406868919545,-0.43688201896603585,-0.43688201896603585,-0.43688201896603585,0.5970684934740776,0.5970684934740776,0.5970684934740776,3.0113719313999954,3.0113719313999954,3.0113719313999954,0.0,0.0,0.0,7.187707123533673
120,2012-10-21,4.591519977113013,-4.171018027234228,21.08991288576055,3.793810195380743,5.340882070263077,3.6810283872597274,3.6810283872597274,3.6810283872597274,0.006719382886429194,0.006719382886429194,0.006719382886429194,-0.5239331270799878,-0.5239331270799878,-0.5239331270799878,-0.2415368839318044,-0.2415368839318044,-0.2415368839318044,0.27567686026175425,0.27567686026175425,0.27567686026175425,3.9225652711915315,3.9225652711915315,3.9225652711915315,0.0,0.0,0.0,8.27254836437274
121,2012-10-28,4.569822743126311,-3.6357704195391163,20.441426600326224,3.755156921948287,5.326033957804654,4.088652220400798,4.088652220400798,4.088652220400798,-0.003168539231708109,-0.003168539231708109,-0.003168539231708109,-0.9090326629966852,-0.9090326629966852,-0.9090326629966852,0.3816343086263428,0.3816343086263428,0.3816343086263428,1.2938355108547361,1.2938355108547361,1.2938355108547361,3.707017911774454,3.707017911774454,3.707017911774454,0.0,0.0,0.0,8.658474963527109
122,2012-11-04,4.54812550913961,-5.69738158368802,18.996466585237215,3.724639192332157,5.311031387151143,1.8376384558747936,1.8376384558747936,1.8376384558747936,-0.017117889195493462,-0.017117889195493462,-0.017117889195493462,-1.091849145939041,-1.091849145939041,-1.091849145939041,-0.29094179375558216,-0.29094179375558216,-0.29094179375558216,0.8180252413789523,0.8180252413789523,0.8180252413789523,2.128580249630376,2.128580249630376,2.128580249630376,0.0,0.0,0.0,6.385763965014403
123,2012-11-11,4.5264282751529095,-7.500752067045626,16.610928218808766,3.6901753967083453,5.302533355166397,0.4285622901967651,0.4285622901967651,0.4285622901967651,-0.01474618390803167,-0.01474618390803167,-0.01474618390803167,-0.8741197929400086,-0.8741197929400086,-0.8741197929400086,-0.26543332596098346,-0.26543332596098346,-0.26543332596098346,0.6234326508870568,0.6234326508870568,0.6234326508870568,0.6939956161577485,0.6939956161577485,0.6939956161577485,0.0,0.0,0.0,4.954990565349674
124,2012-11-18,4.5047310411662105,-6.070322431737818,18.27762504245783,3.6607160223282627,5.296015325128316,1.7242992122863203,1.7242992122863203,1.7242992122863203,-0.00224406078194664,-0.00224406078194664,-0.00224406078194664,-1.1574430229570558,-1.1574430229570558,-1.1574430229570558,0.37017040779036237,0.37017040779036237,0.37017040779036237,1.5298574915293648,1.5298574915293648,1.5298574915293648,1.354128804495958,1.354128804495958,1.354128804495958,0.0,0.0,0.0,6.229030253452531
125,2012-11-25,4.48303380717951,-2.403967978446065,22.474508002923223,3.6318025883498155,5.282493291254905,6.329161042197302,6.329161042197302,6.329161042197302,-0.012423576253649298,-0.012423576253649298,-0.012423576253649298,0.17601701846379852,0.17601701846379852,0.17601701846379852,2.1328535572891507,2.1328535572891507,2.1328535572891507,1.9692601150790012,1.9692601150790012,1.9692601150790012,4.196307484908152,4.196307484908152,4.196307484908152,0.0,0.0,0.0,10.812194849376812
126,2012-12-02,4.461336573192808,0.5691076189378375,24.78162915489138,3.6023536753627976,5.267358428148393,8.352611473559442,8.352611473559442,8.352611473559442,-0.03067862938148931,-0.03067862938148931,-0.03067862938148931,-0.6286717371021308,-0.6286717371021308,-0.6286717371021308,1.5346328046267819,1.5346328046267819,1.5346328046267819,2.193983171110402,2.193983171110402,2.193983171110402,6.817978668932661,6.817978668932661,6.817978668932661,0.0,0.0,0.0,12.81394804675225
127,2012-12-09,4.439639339206107,-0.3960573225961854,23.395576519774693,3.5678209491143513,5.252491724132808,6.614080336992509,6.614080336992509,6.614080336992509,-0.017585277352574667,-0.017585277352574667,-0.017585277352574667,-0.8201635393236271,-0.8201635393236271,-0.8201635393236271,0.1284178805795718,0.1284178805795718,0.1284178805795718,0.9661666972557735,0.9661666972557735,0.9661666972557735,6.485662456412937,6.485662456412937,6.485662456412937,0.0,0.0,0.0,11.053719676198616
128,2012-12-16,4.417942105219407,-4.095531685283404,20.017571818639613,3.5336805957005595,5.237070216952562,3.9487214318867965,3.9487214318867965,3.9487214318867965,0.014939425027228465,0.014939425027228465,0.014939425027228465,-0.6098399466306794,-0.6098399466306794,-0.6098399466306794,0.9362124059680881,0.9362124059680881,0.9362124059680881,1.5311129275715392,1.5311129275715392,1.5311129275715392,3.0125090259187077,3.0125090259187077,3.0125090259187077,0.0,0.0,0.0,8.366663537106202
129,2012-12-23,4.396244871232708,-6.107385812873104,17.181149088384842,3.499212558616387,5.221955665688562,0.45548232943826666,0.45548232943826666,0.45548232943826666,0.002937266901690018,0.002937266901690018,0.002937266901690018,-0.45431898020273315,-0.45431898020273315,-0.45431898020273315,1.241682466962773,1.241682466962773,1.241682466962773,1.6930641802638164,1.6930641802638164,1.6930641802638164,-0.7862001375245066,-0.7862001375245066,-0.7862001375245066,0.0,0.0,0.0,4.851727200670974
130,2013-01-01,4.36834842753552,-7.999557708004247,15.924559395824813,3.4580235606585266,5.197806690879085,-0.12300392972069203,-0.12300392972069203,-0.12300392972069203,-0.001026215048208436,-0.001026215048208436,-0.001026215048208436,0.1582431937291785,0.1582431937291785,0.1582431937291785,1.1773674268927552,1.1773674268927552,1.1773674268927552,1.0201504482117854,1.0201504482117854,1.0201504482117854,-1.3003713566134474,-1.3003713566134474,-1.3003713566134474,0.0,0.0,0.0,4.245344497814828
131,2013-01-08,4.346651193548819,-6.342231748602449,17.91054702179458,3.4234908344100807,5.181066660063701,2.100530091533921,2.100530091533921,2.100530091533921,0.015221717998029948,0.015221717998029948,0.015221717998029948,0.5818526832375663,0.5818526832375663,0.5818526832375663,0.3216148279970438,0.3216148279970438,0.3216148279970438,-0.2754595732385526,-0.2754595732385526,-0.2754595732385526,1.778915263536877,1.778915263536877,1.778915263536877,0.0,0.0,0.0,6.44718128508274
132,2013-01-15,4.32495395956212,-2.7238075983768537,21.177722302802987,3.388958108161636,5.167752775151786,5.188835485493684,5.188835485493684,5.188835485493684,0.006098648930175626,0.006098648930175626,0.006098648930175626,0.3761841399644772,0.3761841399644772,0.3761841399644772,0.207258101051428,0.207258101051428,0.207258101051428,-0.1750246878432248,-0.1750246878432248,-0.1750246878432248,4.9815773844422555,4.9815773844422555,4.9815773844422555,0.0,0.0,0.0,9.513789445055803
133,2013-01-22,4.303256725575418,-0.8089774883363878,23.33478706131122,3.354524864140156,5.1544388902398675,6.957479047989584,6.957479047989584,6.957479047989584,0.02146650846203028,0.02146650846203028,0.02146650846203028,-0.21119844907482654,-0.21119844907482654,-0.21119844907482654,0.943407753591837,0.943407753591837,0.943407753591837,1.1331396942046335,1.1331396942046335,1.1331396942046335,6.0140712943977475,6.0140712943977475,6.0140712943977475,0.0,0.0,0.0,11.260735773565003
134,2013-01-29,4.281559491588717,-2.8365292878864095,21.550359811942872,3.318037519562769,5.140314815868319,5.502913164449598,5.502913164449598,5.502913164449598,-0.02719310549351948,-0.02719310549351948,-0.02719310549351948,0.015206223203430253,0.015206223203430253,0.015206223203430253,0.44196189956375287,0.44196189956375287,0.44196189956375287,0.4539487818538421,0.4539487818538421,0.4539487818538421,5.060951264885845,5.060951264885845,5.060951264885845,0.0,0.0,0.0,9.784472656038314
135,2013-02-05,4.259862257602017,-3.156864682048959,21.408375259918532,3.286889357007139,5.128209790249858,4.8511573684450795,4.8511573684450795,4.8511573684450795,-0.00646378782989662,-0.00646378782989662,-0.00646378782989662,-0.4775942270059573,-0.4775942270059573,-0.4775942270059573,0.9415982830837717,0.9415982830837717,0.9415982830837717,1.4256562979196254,1.4256562979196254,1.4256562979196254,3.909559085361307,3.909559085361307,3.909559085361307,0.0,0.0,0.0,9.111019626047096
136,2013-02-12,4.238165023615316,-3.1573862980149867,21.68633112301779,3.2511613181538515,5.115669414494491,4.5243436722636,4.5243436722636,4.5243436722636,7.697338656894856e-06,7.697338656894856e-06,7.697338656894856e-06,0.06789291799485299,0.06789291799485299,0.06789291799485299,0.8922030370112223,0.8922030370112223,0.8922030370112223,0.8243024216777124,0.8243024216777124,0.8243024216777124,3.632140635252377,3.632140635252377,3.632140635252377,0.0,0.0,0.0,8.762508695878918
137,2013-02-19,4.216467789628617,-4.223278460211972,20.892473584277155,3.215261972019359,5.103129038739126,4.670926362830865,4.670926362830865,4.670926362830865,-0.009038588313179864,-0.009038588313179864,-0.009038588313179864,-0.0929178772654732,-0.0929178772654732,-0.0929178772654732,1.096465904137338,1.096465904137338,1.096465904137338,1.1984223697159908,1.1984223697159908,1.1984223697159908,3.574460458693527,3.574460458693527,3.574460458693527,0.0,0.0,0.0,8.887394152459482
138,2013-02-26,4.194770555641915,-4.156504571482359,19.616863154585946,3.181690153750431,5.091834471282944,3.5031029378190506,3.5031029378190506,3.5031029378190506,-0.02226116522167944,-0.02226116522167944,-0.02226116522167944,0.2803324421615054,0.2803324421615054,0.2803324421615054,0.951808347594823,0.951808347594823,0.951808347594823,0.6937370706549971,0.6937370706549971,0.6937370706549971,2.551294590224227,2.551294590224227,2.551294590224227,0.0,0.0,0.0,7.697873493460966
139,2013-03-05,4.173073321655214,-6.540423961396371,19.60937155766187,3.1524019674766786,5.081276989716167,1.860672302441921,1.860672302441921,1.860672302441921,-0.0059140394276451045,-0.0059140394276451045,-0.0059140394276451045,0.45214608126284633,0.45214608126284633,0.45214608126284633,1.3408388832808569,1.3408388832808569,1.3408388832808569,0.8946068414456557,0.8946068414456557,0.8946068414456557,0.5198334191610638,0.5198334191610638,0.5198334191610638,0.0,0.0,0.0,6.0337456240971346
140,2013-03-12,4.151376087668513,-8.445836503894467,15.10021041464602,3.1098689483204662,5.071554870250601,-0.1419359135932073,-0.1419359135932073,-0.1419359135932073,0.012636937030866642,0.012636937030866642,0.012636937030866642,-0.2888531356706454,-0.2888531356706454,-0.2888531356706454,1.175804256692826,1.175804256692826,1.175804256692826,1.4520204553326048,1.4520204553326048,1.4520204553326048,-1.3177401702860334,-1.3177401702860334,-1.3177401702860334,0.0,0.0,0.0,4.009440174075306
141,2013-03-19,4.129678853681812,-8.203076346597477,16.059564415177594,3.0748764866076304,5.061280571074593,-0.3156633826082761,-0.3156633826082761,-0.3156633826082761,0.007759370843265786,0.007759370843265786,0.007759370843265786,-0.3870323580354075,-0.3870323580354075,-0.3870323580354075,1.6201175934263647,1.6201175934263647,1.6201175934263647,1.9993905806185064,1.9993905806185064,1.9993905806185064,-1.9357809760346407,-1.9357809760346407,-1.9357809760346407,0.0,0.0,0.0,3.8140154710735357
142,2013-03-26,4.107981619695114,-7.9821694792904125,16.15675621883004,3.041141253863136,5.05077001625581,-0.6843879390063905,-0.6843879390063905,-0.6843879390063905,0.0016966151105223212,0.0016966151105223212,0.0016966151105223212,-0.667816470106259,-0.667816470106259,-0.667816470106259,0.9076778988885895,0.9076778988885895,0.9076778988885895,1.573797753884326,1.573797753884326,1.573797753884326,-1.5920658378949797,-1.5920658378949797,-1.5920658378949797,0.0,0.0,0.0,3.423593680688724
143,2013-04-02,4.086284385708412,-8.632762841756241,15.813253533024914,3.0076274107366014,5.036018668078621,-0.5025442164621983,-0.5025442164621983,-0.5025442164621983,0.007291257244993988,0.007291257244993988,0.007291257244993988,-0.0668919195760226,-0.0668919195760226,-0.0668919195760226,0.8601149004854289,0.8601149004854289,0.8601149004854289,0.9197155628164575,0.9197155628164575,0.9197155628164575,-1.3626591169476272,-1.3626591169476272,-1.3626591169476272,0.0,0.0,0.0,3.5837401692462136
144,2013-04-09,4.064587151721711,-9.987944349799411,14.692828933036804,2.973772499760122,5.022419796273998,-1.5266676861723454,-1.5266676861723454,-1.5266676861723454,0.0039336603769789995,0.0039336603769789995,0.0039336603769789995,-0.3990931676132958,-0.3990931676132958,-0.3990931676132958,0.31489823231849107,0.31489823231849107,0.31489823231849107,0.7100577395548079,0.7100577395548079,0.7100577395548079,-1.8415659184908364,-1.8415659184908364,-1.8415659184908364,0.0,0.0,0.0,2.5379194655493658
145,2013-04-16,4.04288991773501,-10.835020005247582,14.303300465067366,2.940088122708616,5.013841495552707,-2.217871178355289,-2.217871178355289,-2.217871178355289,-0.003129405079980829,-0.003129405079980829,-0.003129405079980829,-0.9428875673166565,-0.9428875673166565,-0.9428875673166565,0.39929141724187966,0.39929141724187966,0.39929141724187966,1.345308389638517,1.345308389638517,1.345308389638517,-2.6171625955971685,-2.6171625955971685,-2.6171625955971685,0.0,0.0,0.0,1.8250187393797215
146,2013-04-23,4.0211926837483105,-10.539750454664642,14.807059230806974,2.906808656576386,5.002401124987873,-1.4911806278526036,-1.4911806278526036,-1.4911806278526036,-0.003937699589060274,-0.003937699589060274,-0.003937699589060274,0.5558267255481157,0.5558267255481157,0.5558267255481157,1.4992241822306664,1.4992241822306664,1.4992241822306664,0.947335156271611,0.947335156271611,0.947335156271611,-2.99040481008327,-2.99040481008327,-2.99040481008327,0.0,0.0,0.0,2.530012055895707
147,2013-04-30,3.999495449761611,-12.712792007416336,11.58961050701249,2.873016427536988,4.9916927084514064,-4.270829861645808,-4.270829861645808,-4.270829861645808,-0.026395069176275848,-0.026395069176275848,-0.026395069176275848,0.5977221695866514,0.5977221695866514,0.5977221695866514,-1.4052483439863586,-1.4052483439863586,-1.4052483439863586,-1.976575444396734,-1.976575444396734,-1.976575444396734,-2.8655815176594492,-2.8655815176594492,-2.8655815176594492,0.0,0.0,0.0,-0.27133441188419694
148,2013-05-07,3.977798215774909,-11.00741525109562,14.237298967765339,2.8358073768988707,4.985075944735541,-2.061658219740386,-2.061658219740386,-2.061658219740386,-0.020132199357603534,-0.020132199357603534,-0.020132199357603534,-0.5258374654655231,-0.5258374654655231,-0.5258374654655231,0.6637516295360892,0.6637516295360892,0.6637516295360892,1.209721294359216,1.209721294359216,1.209721294359216,-2.725409849276475,-2.725409849276475,-2.725409849276475,0.0,0.0,0.0,1.9161399960345231
149,2013-05-14,3.95610098178821,-10.079359371566612,14.853005617908646,2.7994130141875067,4.978352596869446,-1.6248340153016856,-1.6248340153016856,-1.6248340153016856,-0.011267806749291101,-0.011267806749291101,-0.011267806749291101,0.47182424438308573,0.47182424438308573,0.47182424438308573,1.2836034232693327,1.2836034232693327,1.2836034232693327,0.8230469856355381,0.8230469856355381,0.8230469856355381,-2.908437438571018,-2.908437438571018,-2.908437438571018,0.0,0.0,0.0,2.3312669664865244
150,2013-05-21,3.934403747801508,-10.88139764730548,13.915061641582122,2.7648608524744813,4.967751550733679,-2.4513034516909036,-2.4513034516909036,-2.4513034516909036,-0.0019435467687406159,-0.0019435467687406159,-0.0019435467687406159,0.5365717487523126,0.5365717487523126,0.5365717487523126,0.7814300327479983,0.7814300327479983,0.7814300327479983,0.24680183076442636,0.24680183076442636,0.24680183076442636,-3.232733484438902,-3.232733484438902,-3.232733484438902,0.0,0.0,0.0,1.4831002961106043
151,2013-05-28,3.912706513814806,-11.399979850102072,13.368827030469502,2.7292100452988506,4.961760087867423,-3.0504491134265237,-3.0504491134265237,-3.0504491134265237,-0.01847890754920773,-0.01847890754920773,-0.01847890754920773,0.2767353586266173,0.2767353586266173,0.2767353586266173,0.33180810450633397,0.33180810450633397,0.33180810450633397,0.07355165342892434,0.07355165342892434,0.07355165342892434,-3.3822572179328576,-3.3822572179328576,-3.3822572179328576,0.0,0.0,0.0,0.8622574003882821
152,2013-06-04,3.891009279828107,-11.471509268309172,14.935727149477376,2.694217244993793,4.953087883111918,-2.624661514776734,-2.624661514776734,-2.624661514776734,-0.009091080784330935,-0.009091080784330935,-0.009091080784330935,0.474574955269228,0.474574955269228,0.474574955269228,0.7700357643318645,0.7700357643318645,0.7700357643318645,0.3045518898469674,0.3045518898469674,0.3045518898469674,-3.3946972791085988,-3.3946972791085988,-3.3946972791085988,0.0,0.0,0.0,1.266347765051373
153,2013-06-11,3.869312045841408,-11.06092641837123,13.262943475513612,2.66139658498027,4.935194118165376,-2.693448429320424,-2.693448429320424,-2.693448429320424,0.0015387353039087192,0.0015387353039087192,0.0015387353039087192,1.4534048747945243,1.4534048747945243,1.4534048747945243,0.8467934790043322,0.8467934790043322,0.8467934790043322,-0.6081501310941008,-0.6081501310941008,-0.6081501310941008,-3.5402419083247563,-3.5402419083247563,-3.5402419083247563,0.0,0.0,0.0,1.1758636165209837
154,2013-06-18,3.8476148118547053,-12.524898476821821,11.84015549104812,2.627709515579709,4.916068660510248,-4.504197739825653,-4.504197739825653,-4.504197739825653,-0.02292061960148126,-0.02292061960148126,-0.02292061960148126,1.0691517112303375,1.0691517112303375,1.0691517112303375,-0.680512575453553,-0.680512575453553,-0.680512575453553,-1.726743667082409,-1.726743667082409,-1.726743667082409,-3.8236851643720993,-3.8236851643720993,-3.8236851643720993,0.0,0.0,0.0,-0.6565829279709474
155,2013-06-25,3.8259175778680032,-11.863612072979043,12.46183138186538,2.592624207104878,4.898692087071761,-4.0668877127579846,-4.0668877127579846,-4.0668877127579846,-0.010814547692898687,-0.010814547692898687,-0.010814547692898687,0.6749536698581183,0.6749536698581183,0.6749536698581183,-0.17375580921686784,-0.17375580921686784,-0.17375580921686784,-0.8378949313820875,-0.8378949313820875,-0.8378949313820875,-3.8931319035411165,-3.8931319035411165,-3.8931319035411165,0.0,0.0,0.0,-0.2409701348899813
