,ds,trend,yhat_lower,yhat_upper,trend_lower,trend_upper,additive_terms,additive_terms_lower,additive_terms_upper,avg_ndvi,avg_ndvi_lower,avg_ndvi_upper,avg_reanalysis,avg_reanalysis_lower,avg_reanalysis_upper,extra_regressors_additive,extra_regressors_additive_lower,extra_regressors_additive_upper,yearly,yearly_lower,yearly_upper,multiplicative_terms,multiplicative_terms_lower,multiplicative_terms_upper,yhat
0,2010-07-02,8.03967280195254,-8.65926463142218,14.901953721287132,8.03967280195254,8.03967280195254,-4.344463504096817,-4.344463504096817,-4.344463504096817,0.015137991472308125,0.015137991472308125,0.015137991472308125,-0.15654758374015176,-0.15654758374015176,-0.15654758374015176,-0.14140959226784364,-0.14140959226784364,-0.14140959226784364,-4.203053911828974,-4.203053911828974,-4.203053911828974,0.0,0.0,0.0,3.6952092978557225
1,2010-07-09,8.024508534530089,-8.42801040206865,17.31730058116546,8.024508534530089,8.024508534530089,-3.6591140520086127,-3.6591140520086127,-3.6591140520086127,-0.009354004728488113,-0.009354004728488113,-0.009354004728488113,0.0018705893611343511,0.0018705893611343511,0.0018705893611343511,-0.007483415367353761,-0.007483415367353761,-0.007483415367353761,-3.6516306366412588,-3.6516306366412588,-3.6516306366412588,0.0,0.0,0.0,4.365394482521475
2,2010-07-16,8.009344267107641,-7.476446346136575,16.54803539927288,8.009344267107641,8.009344267107641,-3.360367729103744,-3.360367729103744,-3.360367729103744,-0.0011380000330617035,-0.0011380000330617035,-0.0011380000330617035,0.015272787673874003,0.015272787673874003,0.015272787673874003,0.0141347876408123,0.0141347876408123,0.0141347876408123,-3.3745025167445566,-3.3745025167445566,-3.3745025167445566,0.0,0.0,0.0,4.648976538003897
3,2010-07-23,7.99417999968519,-6.36832891379381,18.29356622949417,7.99417999968519,7.99417999968519,-2.7772408440563794,-2.7772408440563794,-2.7772408440563794,0.031585325758922894,0.031585325758922894,0.031585325758922894,0.7877838783418026,0.7877838783418026,0.7877838783418026,0.8193692041007256,0.8193692041007256,0.8193692041007256,-3.596610048157105,-3.596610048157105,-3.596610048157105,0.0,0.0,0.0,5.21693915562881
4,2010-07-30,7.97901573226274,-7.6548987903575405,16.013778744529404,7.979012703791467,7.9791309911424495,-3.769737886565767,-3.769737886565767,-3.769737886565767,-0.006315580595124941,-0.006315580595124941,-0.006315580595124941,0.10626115005152975,0.10626115005152975,0.10626115005152975,0.0999455694564048,0.0999455694564048,0.0999455694564048,-3.8696834560221722,-3.8696834560221722,-3.8696834560221722,0.0,0.0,0.0,4.209277845696972
5,2010-08-06,7.963851464840291,-7.767597990087099,16.09050711092548,7.962869712226798,7.9646406070168965,-4.054956000734927,-4.054956000734927,-4.054956000734927,-0.014568963433809536,-0.014568963433809536,-0.014568963433809536,-0.35150768816132244,-0.35150768816132244,-0.35150768816132244,-0.366076651595132,-0.366076651595132,-0.366076651595132,-3.6888793491397944,-3.6888793491397944,-3.6888793491397944,0.0,0.0,0.0,3.908895464105364
6,2010-08-13,7.948687197417841,-7.919808804288349,17.213544766145812,7.9467237440846015,7.950476418234167,-3.1246938806558653,-3.1246938806558653,-3.1246938806558653,-0.019458065557831073,-0.019458065557831073,-0.019458065557831073,0.06259930063520618,0.06259930063520618,0.06259930063520618,0.04314123507737509,0.04314123507737509,0.04314123507737509,-3.16783511573324,-3.16783511573324,-3.16783511573324,0.0,0.0,0.0,4.8239933167619755
7,2010-08-20,7.933522929995393,-7.586375896524498,16.93375476618531,7.93016485773047,7.937035056755027,-3.16578325635512,-3.16578325635512,-3.16578325635512,0.0032894250704511127,0.0032894250704511127,0.0032894250704511127,-0.3213527418477267,-0.3213527418477267,-0.3213527418477267,-0.31806331677727556,-0.31806331677727556,-0.31806331677727556,-2.847719939577844,-2.847719939577844,-2.847719939577844,0.0,0.0,0.0,4.767739673640273
8,2010-08-27,7.918358662572943,-7.915132081364934,16.05192463166093,7.913540092828479,7.924157357112564,-3.2979758235719543,-3.2979758235719543,-3.2979758235719543,-0.013649574535618932,-0.013649574535618932,-0.013649574535618932,-0.39181898796279296,-0.39181898796279296,-0.39181898796279296,-0.4054685624984119,-0.4054685624984119,-0.4054685624984119,-2.8925072610735425,-2.8925072610735425,-2.8925072610735425,0.0,0.0,0.0,4.620382839000989
9,2010-09-03,7.903194395150492,-7.937103868950815,17.328984245790373,7.8962745744188645,7.91120883730768,-3.477236167916724,-3.477236167916724,-3.477236167916724,-0.015268587150301226,-0.015268587150301226,-0.015268587150301226,-0.6753592473771254,-0.6753592473771254,-0.6753592473771254,-0.6906278345274266,-0.6906278345274266,-0.6906278345274266,-2.7866083333892973,-2.7866083333892973,-2.7866083333892973,0.0,0.0,0.0,4.425958227233767
10,2010-09-10,7.888030127728042,-6.075704711005083,17.54866140419201,7.879544149863626,7.89823444935185,-2.1889908893409222,-2.1889908893409222,-2.1889908893409222,0.026111695814232994,0.026111695814232994,0.026111695814232994,-0.2212550726360186,-0.2212550726360186,-0.2212550726360186,-0.19514337682178562,-0.19514337682178562,-0.19514337682178562,-1.9938475125191364,-1.9938475125191364,-1.9938475125191364,0.0,0.0,0.0,5.69903923838712
11,2010-09-17,7.872865860305592,-5.744201846697108,17.569787425027883,7.862144867145204,7.88505547320223,-1.358687020017717,-1.358687020017717,-1.358687020017717,-0.0021967360599946376,-0.0021967360599946376,-0.0021967360599946376,-0.653266561023824,-0.653266561023824,-0.653266561023824,-0.6554632970838186,-0.6554632970838186,-0.6554632970838186,-0.7032237229338986,-0.7032237229338986,-0.7032237229338986,0.0,0.0,0.0,6.514178840287875
12,2010-09-24,7.857701592883144,-4.110212947971777,20.4252580844303,7.845170451420756,7.872276939846899,-0.004720578952384834,-0.004720578952384834,-0.004720578952384834,-0.011974058635654332,-0.011974058635654332,-0.011974058635654332,-0.38553670745331403,-0.38553670745331403,-0.38553670745331403,-0.39751076608896835,-0.39751076608896835,-0.39751076608896835,0.3927901871365835,0.3927901871365835,0.3927901871365835,0.0,0.0,0.0,7.852981013930759
13,2010-10-01,7.842537325460695,-3.7423480372435196,20.512141936762294,7.826749280189638,7.860107756339987,0.39894752852601745,0.39894752852601745,0.39894752852601745,-0.024644948954988033,-0.024644948954988033,-0.024644948954988033,-0.6113846910583155,-0.6113846910583155,-0.6113846910583155,-0.6360296400133035,-0.6360296400133035,-0.6360296400133035,1.034977168539321,1.034977168539321,1.034977168539321,0.0,0.0,0.0,8.241484853986712
14,2010-10-08,7.827373058038245,-5.0874648501395585,20.305400252957842,7.809152338633798,7.84708856069525,0.5673375938198941,0.5673375938198941,0.5673375938198941,-0.009682615940261447,-0.009682615940261447,-0.009682615940261447,-1.1581525029844941,-1.1581525029844941,-1.1581525029844941,-1.1678351189247556,-1.1678351189247556,-1.1678351189247556,1.7351727127446497,1.7351727127446497,1.7351727127446497,0.0,0.0,0.0,8.394710651858139
15,2010-10-15,7.812208790615793,-1.5375706170796057,22.750800013161953,7.791937507646701,7.833410445919615,2.2836360147110653,2.2836360147110653,2.2836360147110653,-0.014530570175861318,-0.014530570175861318,-0.014530570175861318,-0.6289750764262375,-0.6289750764262375,-0.6289750764262375,-0.6435056466020989,-0.6435056466020989,-0.6435056466020989,2.927141661313164,2.927141661313164,2.927141661313164,0.0,0.0,0.0,10.095844805326859
16,2010-10-22,7.797044523193344,-0.913138580162458,24.112933319034596,7.774132013453071,7.821400222268508,3.3607232444702286,3.3607232444702286,3.3607232444702286,0.0032452842617226568,0.0032452842617226568,0.0032452842617226568,-0.674102791289874,-0.674102791289874,-0.674102791289874,-0.6708575070281515,-0.6708575070281515,-0.6708575070281515,4.03158075149838,4.03158075149838,4.03158075149838,0.0,0.0,0.0,11.157767767663573
17,2010-10-29,7.781880255770896,-1.2319394398142687,23.270913134303306,7.7559357587724955,7.809932249606945,3.2777278131510874,3.2777278131510874,3.2777278131510874,0.005664836337317413,0.005664836337317413,0.005664836337317413,-0.6251010034478416,-0.6251010034478416,-0.6251010034478416,-0.6194361671105242,-0.6194361671105242,-0.6194361671105242,3.897163980261611,3.897163980261611,3.897163980261611,0.0,0.0,0.0,11.059608068921984
18,2010-11-05,7.766715988348446,-3.2444826372750115,21.521677744992267,7.737860272315957,7.7984871383969825,1.4380180738882231,1.4380180738882231,1.4380180738882231,-0.00253914901891518,-0.00253914901891518,-0.00253914901891518,-0.9354456596342218,-0.9354456596342218,-0.9354456596342218,-0.937984808653137,-0.937984808653137,-0.937984808653137,2.37600288254136,2.37600288254136,2.37600288254136,0.0,0.0,0.0,9.20473406223667
19,2010-11-12,7.751551720925996,-4.00497436644021,20.70441791768124,7.718816638406712,7.787665152390186,0.46139698775701105,0.46139698775701105,0.46139698775701105,-0.019176540417126325,-0.019176540417126325,-0.019176540417126325,-0.5847897036463711,-0.5847897036463711,-0.5847897036463711,-0.6039662440634973,-0.6039662440634973,-0.6039662440634973,1.0653632318205084,1.0653632318205084,1.0653632318205084,0.0,0.0,0.0,8.212948708683008
20,2010-11-19,7.736387453503546,-2.8968919188735436,21.200133428380035,7.69902949367177,7.776172007940765,1.4641101069666442,1.4641101069666442,1.4641101069666442,0.0073716778187732715,0.0073716778187732715,0.0073716778187732715,-0.439040796354031,-0.439040796354031,-0.439040796354031,-0.43166911853525775,-0.43166911853525775,-0.43166911853525775,1.895779225501902,1.895779225501902,1.895779225501902,0.0,0.0,0.0,9.20049756047019
21,2010-11-26,7.721223186081096,0.994915728605535,24.613414619802388,7.681117154880022,7.765063958450384,4.6225688485245024,4.6225688485245024,4.6225688485245024,-0.014136367304562006,-0.014136367304562006,-0.014136367304562006,-0.19172835447597492,-0.19172835447597492,-0.19172835447597492,-0.2058647217805369,-0.2058647217805369,-0.2058647217805369,4.82843357030504,4.82843357030504,4.82843357030504,0.0,0.0,0.0,12.343792034605599
22,2010-12-03,7.7060589186586474,2.4719489571023416,27.585175533552203,7.66227553776351,7.753669499484568,6.56142860553071,6.56142860553071,6.56142860553071,0.014258252096067122,0.014258252096067122,0.014258252096067122,-0.81671055840079,-0.81671055840079,-0.81671055840079,-0.8024523063047229,-0.8024523063047229,-0.8024523063047229,7.363880911835432,7.363880911835432,7.363880911835432,0.0,0.0,0.0,14.267487524189358
23,2010-12-10,7.6908946512361975,1.966986071775818,26.6560502572372,7.644149270306735,7.7432416895662595,6.308235106531956,6.308235106531956,6.308235106531956,0.0051930224672982845,0.0051930224672982845,0.0051930224672982845,-0.5228045362117428,-0.5228045362117428,-0.5228045362117428,-0.5176115137444445,-0.5176115137444445,-0.5176115137444445,6.8258466202764,6.8258466202764,6.8258466202764,0.0,0.0,0.0,13.999129757768154
24,2010-12-17,7.675730383813748,-2.4979457581817326,22.67979271143182,7.6261220798640466,7.732311424780602,2.7790479993825943,2.7790479993825943,2.7790479993825943,-0.010839794263145021,-0.010839794263145021,-0.010839794263145021,-0.41527283512002916,-0.41527283512002916,-0.41527283512002916,-0.4261126293831742,-0.4261126293831742,-0.4261126293831742,3.2051606287657686,3.2051606287657686,3.2051606287657686,0.0,0.0,0.0,10.454778383196341
25,2010-12-24,7.660566116391299,-5.461149278514075,18.51987539021132,7.607093932359221,7.720484095395959,-0.9006300051910936,-0.9006300051910936,-0.9006300051910936,0.0064511927873492905,0.0064511927873492905,0.0064511927873492905,-0.3485759572666757,-0.3485759572666757,-0.3485759572666757,-0.3421247644793264,-0.3421247644793264,-0.3421247644793264,-0.558505240711767,-0.558505240711767,-0.558505240711767,0.0,0.0,0.0,6.759936111200205
26,2011-01-01,7.643235525051357,-5.492317544522356,19.559889990841597,7.586720970245982,7.70743134039462,-0.8143366426936731,-0.8143366426936731,-0.8143366426936731,-0.004179183562695001,-0.004179183562695001,-0.004179183562695001,0.33022444948903285,0.33022444948903285,0.33022444948903285,0.3260452659263378,0.3260452659263378,0.3260452659263378,-1.140381908620011,-1.140381908620011,-1.140381908620011,0.0,0.0,0.0,6.8288988823576835
27,2011-01-08,7.628071257628907,-3.1212902968477922,21.357761340962984,7.568367564439312,7.696414867912332,1.607297094279414,1.607297094279414,1.607297094279414,-0.017616761889216435,-0.017616761889216435,-0.017616761889216435,-0.10785990997486408,-0.10785990997486408,-0.10785990997486408,-0.1254766718640805,-0.1254766718640805,-0.1254766718640805,1.7327737661434945,1.7327737661434945,1.7327737661434945,0.0,0.0,0.0,9.23536835190832
28,2011-01-15,7.612906990206458,-0.22436007356942586,24.46831597812991,7.5500624801097915,7.685653442443081,4.7856757773161425,4.7856757773161425,4.7856757773161425,0.004123553866271596,0.004123553866271596,0.004123553866271596,-0.207015236956213,-0.207015236956213,-0.207015236956213,-0.20289168308994138,-0.20289168308994138,-0.20289168308994138,4.988567460406084,4.988567460406084,4.988567460406084,0.0,0.0,0.0,12.398582767522601
29,2011-01-22,7.597742722784006,1.1073702489657862,25.435207356903053,7.529899447077752,7.6753256099132745,6.008813382644103,6.008813382644103,6.008813382644103,-0.004588436819868252,-0.004588436819868252,-0.004588436819868252,-0.16188752209255566,-0.16188752209255566,-0.16188752209255566,-0.1664759589124239,-0.1664759589124239,-0.1664759589124239,6.175289341556527,6.175289341556527,6.175289341556527,0.0,0.0,0.0,13.606556105428108
30,2011-01-29,7.582578455361556,0.4825333224540776,25.483722300042896,7.510165756681775,7.66472843126953,5.310521104364304,5.310521104364304,5.310521104364304,0.004106416061457572,0.004106416061457572,0.004106416061457572,0.019042156008891687,0.019042156008891687,0.019042156008891687,0.02314857207034926,0.02314857207034926,0.02314857207034926,5.287372532293955,5.287372532293955,5.287372532293955,0.0,0.0,0.0,12.893099559725862
31,2011-02-05,7.567414187939108,-0.32037464882747957,23.57533911078287,7.490235319410754,7.6530755321180015,4.301286523551875,4.301286523551875,4.301286523551875,0.014193567844226502,0.014193567844226502,0.014193567844226502,0.18740727309138117,0.18740727309138117,0.18740727309138117,0.20160084093560768,0.20160084093560768,0.20160084093560768,4.0996856826162675,4.0996856826162675,4.0996856826162675,0.0,0.0,0.0,11.868700711490984
32,2011-02-12,7.552249920516658,-1.7341841846441883,23.688776873995224,7.469138033654384,7.643105517811671,3.8581832720343745,3.8581832720343745,3.8581832720343745,0.00045241303582276417,0.00045241303582276417,0.00045241303582276417,0.031397307594462215,0.031397307594462215,0.031397307594462215,0.03184972063028498,0.03184972063028498,0.03184972063028498,3.8263335514040895,3.8263335514040895,3.8263335514040895,0.0,0.0,0.0,11.410433192551032
33,2011-02-19,7.537085653094209,-1.2386768861004525,23.061905276476104,7.447616162477042,7.63271655378074,3.7989062166563716,3.7989062166563716,3.7989062166563716,-0.00769301021096746,-0.00769301021096746,-0.00769301021096746,-0.10796461454497899,-0.10796461454497899,-0.10796461454497899,-0.11565762475594646,-0.11565762475594646,-0.11565762475594646,3.9145638414123187,3.9145638414123187,3.9145638414123187,0.0,0.0,0.0,11.33599186975058
34,2011-02-26,7.521921385671759,-2.9753910471326073,22.411790458230925,7.425587240072619,7.622068341975299,3.1936283615269825,3.1936283615269825,3.1936283615269825,0.01640762353334293,0.01640762353334293,0.01640762353334293,0.05882993244677765,0.05882993244677765,0.05882993244677765,0.07523755598012057,0.07523755598012057,0.07523755598012057,3.1183908055468614,3.1183908055468614,3.1183908055468614,0.0,0.0,0.0,10.715549747198741
35,2011-03-05,7.506757118249308,-3.216331847046073,20.90227560896983,7.4063959198145835,7.6111498524983245,1.2812011808133126,1.2812011808133126,1.2812011808133126,0.0018243953460750507,0.0018243953460750507,0.0018243953460750507,0.03024555615063067,0.03024555615063067,0.03024555615063067,0.032069951496705724,0.032069951496705724,0.032069951496705724,1.2491312293166066,1.2491312293166066,1.2491312293166066,0.0,0.0,0.0,8.78795829906262
36,2011-03-12,7.49159285082686,-4.1942582577561325,19.617634579352764,7.386187255478736,7.5998709672937395,-0.37577364354551696,-0.37577364354551696,-0.37577364354551696,-0.004162917898671003,-0.004162917898671003,-0.004162917898671003,0.19107193670969477,0.19107193670969477,0.19107193670969477,0.18690901881102376,0.18690901881102376,0.18690901881102376,-0.5626826623565407,-0.5626826623565407,-0.5626826623565407,0.0,0.0,0.0,7.115819207281343
37,2011-03-19,7.47642858340441,-5.652793318976085,18.518287156736736,7.367126726887706,7.588597000303639,-1.216022789132978,-1.216022789132978,-1.216022789132978,-0.01957482757616914,-0.01957482757616914,-0.01957482757616914,0.03862193018771118,0.03862193018771118,0.03862193018771118,0.01904710261154204,0.01904710261154204,0.01904710261154204,-1.2350698917445202,-1.2350698917445202,-1.2350698917445202,0.0,0.0,0.0,6.260405794271432
38,2011-03-26,7.4612643159819605,-5.88459193420097,18.442652448083113,7.348615678537599,7.578995723573284,-0.961395133197938,-0.961395133197938,-0.961395133197938,0.01860465579676533,0.01860465579676533,0.01860465579676533,-0.052785250983435034,-0.052785250983435034,-0.052785250983435034,-0.0341805951866697,-0.0341805951866697,-0.0341805951866697,-0.9272145380112683,-0.9272145380112683,-0.9272145380112683,0.0,0.0,0.0,6.499869182784023
39,2011-04-02,7.446100048559511,-5.747565891770064,19.624102770461427,7.328104674457296,7.569705702485241,-0.6162163177768878,-0.6162163177768878,-0.6162163177768878,0.007923142448485635,0.007923142448485635,0.007923142448485635,0.049930035046154245,0.049930035046154245,0.049930035046154245,0.05785317749463988,0.05785317749463988,0.05785317749463988,-0.6740694952715278,-0.6740694952715278,-0.6740694952715278,0.0,0.0,0.0,6.829883730782623
40,2011-04-09,7.430935781137061,-5.887136074399573,18.147812944104864,7.307296852272524,7.559835295683859,-1.1723638192762833,-1.1723638192762833,-1.1723638192762833,-0.0178700258556867,-0.0178700258556867,-0.0178700258556867,-0.058544008056045226,-0.058544008056045226,-0.058544008056045226,-0.07641403391173192,-0.07641403391173192,-0.07641403391173192,-1.0959497853645515,-1.0959497853645515,-1.0959497853645515,0.0,0.0,0.0,6.258571961860778
41,2011-04-16,7.415771513714612,-7.050117785965575,18.059868247408463,7.287404321867042,7.549430834352373,-1.499662202664654,-1.499662202664654,-1.499662202664654,-0.007489324827222522,-0.007489324827222522,-0.007489324827222522,0.33357499903058085,0.33357499903058085,0.33357499903058085,0.3260856742033584,0.3260856742033584,0.3260856742033584,-1.8257478768680124,-1.8257478768680124,-1.8257478768680124,0.0,0.0,0.0,5.916109311049958
42,2011-04-23,7.400607246292162,-6.960083556351857,16.992007078742486,7.265487955588707,7.540058675082312,-1.8123201501576507,-1.8123201501576507,-1.8123201501576507,0.012106835178861903,0.012106835178861903,0.012106835178861903,0.37765566716706905,0.37765566716706905,0.37765566716706905,0.38976250234593096,0.38976250234593096,0.38976250234593096,-2.2020826525035817,-2.2020826525035817,-2.2020826525035817,0.0,0.0,0.0,5.588287096134511
43,2011-04-30,7.385442978869712,-6.691831517054589,17.59050055294386,7.244101244893555,7.529876753294846,-2.039180834682983,-2.039180834682983,-2.039180834682983,-0.004105180272052001,-0.004105180272052001,-0.004105180272052001,0.13076204400919847,0.13076204400919847,0.13076204400919847,0.12665686373714646,0.12665686373714646,0.12665686373714646,-2.165837698420129,-2.165837698420129,-2.165837698420129,0.0,0.0,0.0,5.346262144186729
44,2011-05-07,7.370278711447263,-6.038855638585576,18.1343518910776,7.224071702539212,7.519414837228601,-2.067274805968089,-2.067274805968089,-2.067274805968089,-0.0003414257149760811,-0.0003414257149760811,-0.0003414257149760811,0.14793361065693497,0.14793361065693497,0.14793361065693497,0.1475921849419589,0.1475921849419589,0.1475921849419589,-2.2148669909100476,-2.2148669909100476,-2.2148669909100476,0.0,0.0,0.0,5.303003905479174
45,2011-05-14,7.355114444024813,-8.007152497751806,16.384332100491147,7.203488102796194,7.508890317833445,-1.9389545139221507,-1.9389545139221507,-1.9389545139221507,-0.007827272234666222,-0.007827272234666222,-0.007827272234666222,0.702449568393358,0.702449568393358,0.702449568393358,0.6946222961586919,0.6946222961586919,0.6946222961586919,-2.6335768100808425,-2.6335768100808425,-2.6335768100808425,0.0,0.0,0.0,5.416159930102662
46,2011-05-21,7.339950176602365,-7.430027378059359,16.903914945998338,7.1836238355653785,7.497254710903971,-2.5487788538844103,-2.5487788538844103,-2.5487788538844103,0.0271075185593667,0.0271075185593667,0.0271075185593667,0.5484289917806624,0.5484289917806624,0.5484289917806624,0.5755365103400291,0.5755365103400291,0.5755365103400291,-3.1243153642244392,-3.1243153642244392,-3.1243153642244392,0.0,0.0,0.0,4.791171322717954
47,2011-05-28,7.324785909179913,-8.12347721365565,16.638331057987987,7.160819772173101,7.48529419699223,-3.2850104514667176,-3.2850104514667176,-3.2850104514667176,-0.0032887325818655674,-0.0032887325818655674,-0.0032887325818655674,0.016948062481290105,0.016948062481290105,0.016948062481290105,0.013659329899424538,0.013659329899424538,0.013659329899424538,-3.298669781366142,-3.298669781366142,-3.298669781366142,0.0,0.0,0.0,4.039775457713196
48,2011-06-04,7.309621641757463,-8.435010994789065,16.960445736646264,7.139469520354444,7.475149032302426,-2.8905523973768688,-2.8905523973768688,-2.8905523973768688,0.020132436765853932,0.020132436765853932,0.020132436765853932,0.3564006181808543,0.3564006181808543,0.3564006181808543,0.37653305494670825,0.37653305494670825,0.37653305494670825,-3.2670854523235775,-3.2670854523235775,-3.2670854523235775,0.0,0.0,0.0,4.419069244380594
49,2011-06-11,7.294457374335014,-8.090603675652183,16.68650778871356,7.119373952429348,7.466027545252594,-2.9474415671310084,-2.9474415671310084,-2.9474415671310084,-0.0006477949537051657,-0.0006477949537051657,-0.0006477949537051657,0.5248704399800063,0.5248704399800063,0.5248704399800063,0.5242226450263011,0.5242226450263011,0.5242226450263011,-3.4716642121573096,-3.4716642121573096,-3.4716642121573096,0.0,0.0,0.0,4.347015807204006
50,2011-06-18,7.279293106912564,-8.340067764365044,15.839540523871285,7.097571030082379,7.457483690089332,-3.9111357927896,-3.9111357927896,-3.9111357927896,-0.012537647452087188,-0.012537647452087188,-0.012537647452087188,0.10699408277519663,0.10699408277519663,0.10699408277519663,0.09445643532310943,0.09445643532310943,0.09445643532310943,-4.005592228112709,-4.005592228112709,-4.005592228112709,0.0,0.0,0.0,3.368157314122964
51,2011-06-25,7.264128839490116,-7.9313693483300725,15.805009086462688,7.077012056896945,7.44833380847342,-3.3287410968525992,-3.3287410968525992,-3.3287410968525992,0.010871807567425177,0.010871807567425177,0.010871807567425177,1.06064426097796,1.06064426097796,1.06064426097796,1.0715160685453853,1.0715160685453853,1.0715160685453853,-4.400257165397985,-4.400257165397985,-4.400257165397985,0.0,0.0,0.0,3.935387742637517
52,2011-07-02,7.248964572067666,-8.264643863197248,15.91342311025394,7.0556351410729645,7.4383060203269915,-3.5246393830807787,-3.5246393830807787,-3.5246393830807787,0.012575241504264225,0.012575241504264225,0.012575241504264225,0.6824509754943322,0.6824509754943322,0.6824509754943322,0.6950262169985965,0.6950262169985965,0.6950262169985965,-4.219665600079375,-4.219665600079375,-4.219665600079375,0.0,0.0,0.0,3.7243251889868874
53,2011-07-09,7.233800304645217,-8.1336591038442,16.157130749683713,7.0321527012211975,7.428394730804462,-2.961000044299518,-2.961000044299518,-2.961000044299518,0.020940920809810047,0.020940920809810047,0.020940920809810047,0.6881050279968691,0.6881050279968691,0.6881050279968691,0.7090459488066791,0.7090459488066791,0.7090459488066791,-3.670045993106197,-3.670045993106197,-3.670045993106197,0.0,0.0,0.0,4.272800260345699
54,2011-07-16,7.218636037222765,-8.423193622737092,16.14243164559912,7.010224190820027,7.419608919026807,-2.5769850589521104,-2.5769850589521104,-2.5769850589521104,-0.013848379743576993,-0.013848379743576993,-0.013848379743576993,0.8117612490091918,0.8117612490091918,0.8117612490091918,0.7979128692656148,0.7979128692656148,0.7979128692656148,-3.374897928217725,-3.374897928217725,-3.374897928217725,0.0,0.0,0.0,4.641650978270655
55,2011-07-23,7.2034717698003154,-8.576673697860107,16.192994597628427,6.987010057870893,7.41044344042491,-3.2393239955102184,-3.2393239955102184,-3.2393239955102184,-0.011423947492195373,-0.011423947492195373,-0.011423947492195373,0.3559817995339321,0.3559817995339321,0.3559817995339321,0.3445578520417367,0.3445578520417367,0.3445578520417367,-3.583881847551955,-3.583881847551955,-3.583881847551955,0.0,0.0,0.0,3.964147774290097
56,2011-07-30,7.188307502377867,-8.138892715336521,16.678728465444124,6.963744266152239,7.400180837950486,-3.298197674505004,-3.298197674505004,-3.298197674505004,0.00798521695007148,0.00798521695007148,0.00798521695007148,0.559946505999167,0.559946505999167,0.559946505999167,0.5679317229492383,0.5679317229492383,0.5679317229492383,-3.8661293974542423,-3.8661293974542423,-3.8661293974542423,0.0,0.0,0.0,3.8901098278728634
57,2011-08-06,7.173143234955418,-8.59023861972046,16.133535910244433,6.9422153069455845,7.3934933789223525,-3.2995921390535465,-3.2995921390535465,-3.2995921390535465,-0.02732184928479654,-0.02732184928479654,-0.02732184928479654,0.43168327935808654,0.43168327935808654,0.43168327935808654,0.40436143007328995,0.40436143007328995,0.40436143007328995,-3.7039535691268366,-3.7039535691268366,-3.7039535691268366,0.0,0.0,0.0,3.8735510959018717
58,2011-08-13,7.157978967532968,-7.697299296650834,17.09303478990307,6.917274018832694,7.3891053047459225,-3.0068957043526967,-3.0068957043526967,-3.0068957043526967,-0.012751565001275859,-0.012751565001275859,-0.012751565001275859,0.19190957407673992,0.19190957407673992,0.19190957407673992,0.17915800907546406,0.17915800907546406,0.17915800907546406,-3.186053713428161,-3.186053713428161,-3.186053713428161,0.0,0.0,0.0,4.151083263180272
59,2011-08-20,7.1428147001105184,-8.078083246758489,16.819741046392412,6.892312858980089,7.378353080255368,-2.602436029972911,-2.602436029972911,-2.602436029972911,-0.008409018736399803,-0.008409018736399803,-0.008409018736399803,0.257559405129661,0.257559405129661,0.257559405129661,0.2491503863932612,0.2491503863932612,0.2491503863932612,-2.851586416366172,-2.851586416366172,-2.851586416366172,0.0,0.0,0.0,4.540378670137608
60,2011-08-27,7.127650432688068,-7.746086202153832,16.99967342662302,6.868440849878775,7.372307957257717,-2.800692328533691,-2.800692328533691,-2.800692328533691,-0.005512996607442412,-0.005512996607442412,-0.005512996607442412,0.09401070303605329,0.09401070303605329,0.09401070303605329,0.08849770642861088,0.08849770642861088,0.08849770642861088,-2.889190034962302,-2.889190034962302,-2.889190034962302,0.0,0.0,0.0,4.326958104154377
61,2011-09-03,7.1124861652656195,-6.953780999211123,16.705141679317208,6.8472265888710355,7.3643780819214015,-2.7139145847056985,-2.7139145847056985,-2.7139145847056985,-0.012488764675675208,-0.012488764675675208,-0.012488764675675208,0.0992459368916681,0.0992459368916681,0.0992459368916681,0.08675717221599288,0.08675717221599288,0.08675717221599288,-2.800671756921691,-2.800671756921691,-2.800671756921691,0.0,0.0,0.0,4.398571580559921
62,2011-09-10,7.09732189784317,-6.789670149798881,17.177704225767826,6.824050857718275,7.356603928228028,-2.029371510865394,-2.029371510865394,-2.029371510865394,-0.0010372367941342896,-0.0010372367941342896,-0.0010372367941342896,0.005954071553044281,0.005954071553044281,0.005954071553044281,0.004916834758909992,0.004916834758909992,0.004916834758909992,-2.034288345624304,-2.034288345624304,-2.034288345624304,0.0,0.0,0.0,5.067950386977776
63,2011-09-17,7.08215763042072,-5.3486255591727865,18.625280866993158,6.800878345722568,7.350330665205514,-0.9834902821494568,-0.9834902821494568,-0.9834902821494568,0.022358740552404183,0.022358740552404183,0.022358740552404183,-0.25591232008156223,-0.25591232008156223,-0.25591232008156223,-0.23355357952915803,-0.23355357952915803,-0.23355357952915803,-0.7499367026202988,-0.7499367026202988,-0.7499367026202988,0.0,0.0,0.0,6.098667348271263
64,2011-09-24,7.06699336299827,-4.823108121406271,19.685209856624763,6.77770583372686,7.342154867674052,0.339288843985437,0.339288843985437,0.339288843985437,-0.023969568846140633,-0.023969568846140633,-0.023969568846140633,0.0007188378439978162,0.0007188378439978162,0.0007188378439978162,-0.02325073100214282,-0.02325073100214282,-0.02325073100214282,0.3625395749875798,0.3625395749875798,0.3625395749875798,0.0,0.0,0.0,7.406282206983707
65,2011-10-01,7.051829095575821,-3.4144130909267516,19.914453017753367,6.754769785190998,7.335402913732536,1.0043523741517906,1.0043523741517906,1.0043523741517906,-0.015514364050207861,-0.015514364050207861,-0.015514364050207861,0.004488206105710505,0.004488206105710505,0.004488206105710505,-0.011026157944497357,-0.011026157944497357,-0.011026157944497357,1.0153785320962878,1.0153785320962878,1.0153785320962878,0.0,0.0,0.0,8.056181469727612
66,2011-10-08,7.036664828153371,-3.7713081163510833,21.167492970750285,6.733297853674033,7.32805190431303,1.8888142351726553,1.8888142351726553,1.8888142351726553,-0.022345113691664784,-0.022345113691664784,-0.022345113691664784,0.20929055001127458,0.20929055001127458,0.20929055001127458,0.1869454363196098,0.1869454363196098,0.1869454363196098,1.7018687988530454,1.7018687988530454,1.7018687988530454,0.0,0.0,0.0,8.925479063326026
67,2011-10-15,7.021500560730921,-2.459334353373788,22.382331320554396,6.716509546113195,7.320270719134168,2.6014927452246006,2.6014927452246006,2.6014927452246006,-0.0007478862153025617,-0.0007478862153025617,-0.0007478862153025617,-0.27716736906781864,-0.27716736906781864,-0.27716736906781864,-0.2779152552831212,-0.2779152552831212,-0.2779152552831212,2.879408000507722,2.879408000507722,2.879408000507722,0.0,0.0,0.0,9.622993305955521
68,2011-10-22,7.006336293308471,-1.869712596571123,23.62915040338836,6.693931434513963,7.312845899288766,3.302276958430105,3.302276958430105,3.302276958430105,-0.0023015311629022194,-0.0023015311629022194,-0.0023015311629022194,-0.703001281516239,-0.703001281516239,-0.703001281516239,-0.7053028126791413,-0.7053028126791413,-0.7053028126791413,4.0075797711092465,4.0075797711092465,4.0075797711092465,0.0,0.0,0.0,10.308613251738576
69,2011-10-29,6.991172025886022,-1.4191879882601353,22.789303024157945,6.671238101446196,7.307770136878866,3.8389627331859772,3.8389627331859772,3.8389627331859772,-0.03361894407868515,-0.03361894407868515,-0.03361894407868515,-0.05781107533237834,-0.05781107533237834,-0.05781107533237834,-0.0914300194110635,-0.0914300194110635,-0.0914300194110635,3.9303927525970406,3.9303927525970406,3.9303927525970406,0.0,0.0,0.0,10.830134759072
70,2011-11-05,6.976007758463574,-3.3705975043981486,21.004835535876854,6.649761036507683,7.298482448781412,2.296249556869195,2.296249556869195,2.296249556869195,-0.025252244892652646,-0.025252244892652646,-0.025252244892652646,-0.11853978675303933,-0.11853978675303933,-0.11853978675303933,-0.143792031645692,-0.143792031645692,-0.143792031645692,2.4400415885148874,2.4400415885148874,2.4400415885148874,0.0,0.0,0.0,9.27225731533277
71,2011-11-12,6.960843491041124,-4.1894066856094,19.920731745435603,6.626711307557935,7.288799014871109,0.743681121774534,0.743681121774534,0.743681121774534,-0.001255781931886484,-0.001255781931886484,-0.001255781931886484,-0.33841960385206415,-0.33841960385206415,-0.33841960385206415,-0.3396753857839506,-0.3396753857839506,-0.3396753857839506,1.0833565075584846,1.0833565075584846,1.0833565075584846,0.0,0.0,0.0,7.704524612815658
72,2011-11-19,6.945679223618674,-2.8894734360610346,21.428533442212554,6.605306351289438,7.279191292939117,1.8146571983877409,1.8146571983877409,1.8146571983877409,0.007734435963664649,0.007734435963664649,0.007734435963664649,-0.014358635276157935,-0.014358635276157935,-0.014358635276157935,-0.0066241993124932855,-0.0066241993124932855,-0.0066241993124932855,1.821281397700234,1.821281397700234,1.821281397700234,0.0,0.0,0.0,8.760336422006414
73,2011-11-26,6.930514956196223,-1.0669273073339895,24.346764923857997,6.584891331980575,7.269147356164882,4.342397208797799,4.342397208797799,4.342397208797799,-0.011552743147117253,-0.011552743147117253,-0.011552743147117253,-0.3572664453072376,-0.3572664453072376,-0.3572664453072376,-0.36881918845435485,-0.36881918845435485,-0.36881918845435485,4.711216397252153,4.711216397252153,4.711216397252153,0.0,0.0,0.0,11.272912164994022
74,2011-12-03,6.915350688773773,1.3752637693145275,26.61496675905161,6.56185722309817,7.259071923281834,6.957764887554725,6.957764887554725,6.957764887554725,-0.01462474708379513,-0.01462474708379513,-0.01462474708379513,-0.34323601884092514,-0.34323601884092514,-0.34323601884092514,-0.35786076592472027,-0.35786076592472027,-0.35786076592472027,7.3156256534794455,7.3156256534794455,7.3156256534794455,0.0,0.0,0.0,13.873115576328498
75,2011-12-10,6.900186421351325,1.5618368446075883,26.111991610646943,6.538332432111646,7.249996865549533,6.740720956074418,6.740720956074418,6.740720956074418,0.0026576186405288314,0.0026576186405288314,0.0026576186405288314,-0.17047330548973932,-0.17047330548973932,-0.17047330548973932,-0.1678156868492105,-0.1678156868492105,-0.1678156868492105,6.908536642923629,6.908536642923629,6.908536642923629,0.0,0.0,0.0,13.640907377425744
76,2011-12-17,6.885022153928875,-1.9718798757519587,22.9256964538747,6.511862908446914,7.242074980676511,3.627071294276679,3.627071294276679,3.627071294276679,-0.00701558557534998,-0.00701558557534998,-0.00701558557534998,0.27473097185070244,0.27473097185070244,0.27473097185070244,0.26771538627535246,0.26771538627535246,0.26771538627535246,3.359355908001326,3.359355908001326,3.359355908001326,0.0,0.0,0.0,10.512093448205555
77,2011-12-24,6.869857886506425,-5.07389959251077,19.243888580942727,6.490677288395947,7.233894083983526,-0.2589696599097743,-0.2589696599097743,-0.2589696599097743,-0.00928376641721194,-0.00928376641721194,-0.00928376641721194,0.2129552137028932,0.2129552137028932,0.2129552137028932,0.20367144728568126,0.20367144728568126,0.20367144728568126,-0.46264110719545554,-0.46264110719545554,-0.46264110719545554,0.0,0.0,0.0,6.610888226596651
78,2012-01-01,6.852527295166483,-7.508802128823748,17.801045511497097,6.464623879871073,7.226686986081529,-1.3287097315903946,-1.3287097315903946,-1.3287097315903946,0.008390276306177906,0.008390276306177906,0.008390276306177906,-0.1407371777497608,-0.1407371777497608,-0.1407371777497608,-0.13234690144358288,-0.13234690144358288,-0.13234690144358288,-1.1963628301468117,-1.1963628301468117,-1.1963628301468117,0.0,0.0,0.0,5.523817563576088
79,2012-01-08,6.837363027744031,-3.966748803470123,20.083311633611924,6.4415071157140344,7.224650183130223,2.0117591670162844,2.0117591670162844,2.0117591670162844,-0.00092626045294979,-0.00092626045294979,-0.00092626045294979,0.4084388415609325,0.4084388415609325,0.4084388415609325,0.4075125811079827,0.4075125811079827,0.4075125811079827,1.6042465859083015,1.6042465859083015,1.6042465859083015,0.0,0.0,0.0,8.849122194760316
80,2012-01-15,6.822198760321584,-0.46391724885462543,24.63484515264856,6.4184585990821015,7.21644283092495,5.175643529633077,5.175643529633077,5.175643529633077,0.004941798261801433,0.004941798261801433,0.004941798261801433,0.271275717519187,0.271275717519187,0.271275717519187,0.2762175157809884,0.2762175157809884,0.2762175157809884,4.899426013852088,4.899426013852088,4.899426013852088,0.0,0.0,0.0,11.997842289954662
81,2012-01-22,6.807034492899134,-0.7779584729638321,24.596100409969303,6.394762874872796,7.205851076733436,6.351802182045863,6.351802182045863,6.351802182045863,0.005194390250941674,0.005194390250941674,0.005194390250941674,0.17034041108702294,0.17034041108702294,0.17034041108702294,0.1755348013379646,0.1755348013379646,0.1755348013379646,6.176267380707898,6.176267380707898,6.176267380707898,0.0,0.0,0.0,13.158836674944997
82,2012-01-29,6.791870225476684,-0.01899552239554483,24.203107334952502,6.373147817873839,7.1954671628244045,5.524054132737575,5.524054132737575,5.524054132737575,-0.009669114438304222,-0.009669114438304222,-0.009669114438304222,0.19777303586603337,0.19777303586603337,0.19777303586603337,0.18810392142772914,0.18810392142772914,0.18810392142772914,5.3359502113098465,5.3359502113098465,5.3359502113098465,0.0,0.0,0.0,12.315924358214259
83,2012-02-05,6.776705958054234,-1.7264154180318327,23.491916131641315,6.353367922018612,7.186642382785685,4.312148677285015,4.312148677285015,4.312148677285015,0.014131274115993978,0.014131274115993978,0.014131274115993978,0.1696074782900927,0.1696074782900927,0.1696074782900927,0.1837387524060867,0.1837387524060867,0.1837387524060867,4.128409924878929,4.128409924878929,4.128409924878929,0.0,0.0,0.0,11.08885463533925
84,2012-02-12,6.761541690631786,-1.5665136390924035,23.105331824815536,6.331009443461187,7.179546254748707,3.796053997644758,3.796053997644758,3.796053997644758,0.00882047523970201,0.00882047523970201,0.00882047523970201,-0.03498545625540989,-0.03498545625540989,-0.03498545625540989,-0.02616498101570788,-0.02616498101570788,-0.02616498101570788,3.8222189786604663,3.8222189786604663,3.8222189786604663,0.0,0.0,0.0,10.557595688276544
85,2012-02-19,6.746377423209337,-0.778423399340232,22.92412694788452,6.306727601918844,7.169065918493511,3.994774537708631,3.994774537708631,3.994774537708631,-0.004882553195366851,-0.004882553195366851,-0.004882553195366851,0.07893322991589755,0.07893322991589755,0.07893322991589755,0.07405067672053069,0.07405067672053069,0.07405067672053069,3.9207238609881,3.9207238609881,3.9207238609881,0.0,0.0,0.0,10.741151960917968
86,2012-02-26,6.731213155786885,-2.2137042607299744,22.86715948610695,6.288307954301937,7.163599545207983,3.166719159317607,3.166719159317607,3.166719159317607,0.01826627946762161,0.01826627946762161,0.01826627946762161,-0.02053621114221695,-0.02053621114221695,-0.02053621114221695,-0.0022699316745953373,-0.0022699316745953373,-0.0022699316745953373,3.1689890909922025,3.1689890909922025,3.1689890909922025,0.0,0.0,0.0,9.897932315104493
87,2012-03-04,6.716048888364435,-3.288247643469532,20.82422664036294,6.268088272625456,7.158065052614555,1.8728027630616975,1.8728027630616975,1.8728027630616975,-0.004113215405232319,-0.004113215405232319,-0.004113215405232319,0.5533501115594908,0.5533501115594908,0.5533501115594908,0.5492368961542585,0.5492368961542585,0.5492368961542585,1.3235658669074386,1.3235658669074386,1.3235658669074386,0.0,0.0,0.0,8.588851651426133
88,2012-03-11,6.700884620941986,-5.522479129840509,17.792505683626203,6.24546055573255,7.152953956800928,-0.3326551448015676,-0.3326551448015676,-0.3326551448015676,0.005308078330429612,0.005308078330429612,0.005308078330429612,0.17620387280303218,0.17620387280303218,0.17620387280303218,0.1815119511334618,0.1815119511334618,0.1815119511334618,-0.5141670959350294,-0.5141670959350294,-0.5141670959350294,0.0,0.0,0.0,6.368229476140418
89,2012-03-18,6.685720353519538,-6.552120361403539,18.286255760623956,6.21935534259638,7.147094600789356,-0.8630738483698547,-0.8630738483698547,-0.8630738483698547,0.010005800357700063,0.010005800357700063,0.010005800357700063,0.35975116779564487,0.35975116779564487,0.35975116779564487,0.3697569681533449,0.3697569681533449,0.3697569681533449,-1.2328308165231996,-1.2328308165231996,-1.2328308165231996,0.0,0.0,0.0,5.822646505149684
90,2012-03-25,6.670556086097088,-5.861538497739852,19.512536417378378,6.192159543936452,7.142304814547241,-0.6594085045420076,-0.6594085045420076,-0.6594085045420076,-0.0025806734052735312,-0.0025806734052735312,-0.0025806734052735312,0.2868767140762115,0.2868767140762115,0.2868767140762115,0.284296040670938,0.284296040670938,0.284296040670938,-0.9437045452129457,-0.9437045452129457,-0.9437045452129457,0.0,0.0,0.0,6.011147581555081
91,2012-04-01,6.655391818674638,-5.9677941165906105,18.63519703241408,6.167777334242275,7.133940290440906,-0.6944816681598714,-0.6944816681598714,-0.6944816681598714,0.005086244792977286,0.005086244792977286,0.005086244792977286,-0.027446719658700346,-0.027446719658700346,-0.027446719658700346,-0.02236047486572306,-0.02236047486572306,-0.02236047486572306,-0.6721211932941484,-0.6721211932941484,-0.6721211932941484,0.0,0.0,0.0,5.960910150514767
92,2012-04-08,6.6402275512521864,-6.106880150173218,19.386449929370507,6.14477618116642,7.128318352997757,-0.5638515822405662,-0.5638515822405662,-0.5638515822405662,0.008543649174510785,0.008543649174510785,0.008543649174510785,0.4987989759316254,0.4987989759316254,0.4987989759316254,0.5073426251061363,0.5073426251061363,0.5073426251061363,-1.0711942073467025,-1.0711942073467025,-1.0711942073467025,0.0,0.0,0.0,6.07637596901162
93,2012-04-15,6.625063283829737,-7.669513827119082,17.371532253790082,6.1222730974913055,7.126046840870055,-1.8657775162031776,-1.8657775162031776,-1.8657775162031776,0.017053050610139092,0.017053050610139092,0.017053050610139092,-0.07990376175896406,-0.07990376175896406,-0.07990376175896406,-0.06285071114882497,-0.06285071114882497,-0.06285071114882497,-1.8029268050543528,-1.8029268050543528,-1.8029268050543528,0.0,0.0,0.0,4.75928576762656
94,2012-04-22,6.609899016407289,-8.093263693018836,16.539995614023116,6.0967506234257565,7.121579300451053,-2.168781356190624,-2.168781356190624,-2.168781356190624,-0.012160606214585238,-0.012160606214585238,-0.012160606214585238,0.04113484228888826,0.04113484228888826,0.04113484228888826,0.028974236074303016,0.028974236074303016,0.028974236074303016,-2.1977555922649272,-2.1977555922649272,-2.1977555922649272,0.0,0.0,0.0,4.4411176602166655
95,2012-04-29,6.594734748984839,-7.56837785495043,16.696266741347692,6.069686621468895,7.116619397274752,-2.1476970793150243,-2.1476970793150243,-2.1476970793150243,-0.028448736204065562,-0.028448736204065562,-0.028448736204065562,0.049720625612766925,0.049720625612766925,0.049720625612766925,0.021271889408701363,0.021271889408701363,0.021271889408701363,-2.1689689687237257,-2.1689689687237257,-2.1689689687237257,0.0,0.0,0.0,4.447037669669815
96,2012-05-06,6.579570481562389,-7.819532258057228,16.742651378854493,6.044681355292491,7.111152813467132,-2.226133852067268,-2.226133852067268,-2.226133852067268,0.007925186975255717,0.007925186975255717,0.007925186975255717,-0.027446719658679515,-0.027446719658679515,-0.027446719658679515,-0.019521532683423798,-0.019521532683423798,-0.019521532683423798,-2.206612319383844,-2.206612319383844,-2.206612319383844,0.0,0.0,0.0,4.353436629495121
97,2012-05-13,6.56440621413994,-7.094338639598045,17.82667031920998,6.022166769037828,7.106114054305366,-1.8391319859489874,-1.8391319859489874,-1.8391319859489874,-0.0073805073919281225,-0.0073805073919281225,-0.0073805073919281225,0.7826533493494394,0.7826533493494394,0.7826533493494394,0.7752728419575113,0.7752728419575113,0.7752728419575113,-2.614404827906499,-2.614404827906499,-2.614404827906499,0.0,0.0,0.0,4.725274228190953
98,2012-05-20,6.549241946717489,-8.135755460302063,16.17326814212943,5.999291620558809,7.10022417129395,-2.7515344389817082,-2.7515344389817082,-2.7515344389817082,-0.025713960039534696,-0.025713960039534696,-0.025713960039534696,0.38519440376379943,0.38519440376379943,0.38519440376379943,0.35948044372426474,0.35948044372426474,0.35948044372426474,-3.1110148827059727,-3.1110148827059727,-3.1110148827059727,0.0,0.0,0.0,3.7977075077357805
99,2012-05-27,6.534077679295041,-8.853827076020535,16.25423091787487,5.976056713397508,7.096038264752561,-2.7703194119961974,-2.7703194119961974,-2.7703194119961974,0.011632295273149336,0.011632295273149336,0.011632295273149336,0.5163893612995475,0.5163893612995475,0.5163893612995475,0.5280216565726968,0.5280216565726968,0.5280216565726968,-3.298341068568894,-3.298341068568894,-3.298341068568894,0.0,0.0,0.0,3.763758267298843
100,2012-06-03,6.518913411872591,-9.552128888991978,16.442253114907786,5.954447048527342,7.089407405860878,-3.075858451487995,-3.075858451487995,-3.075858451487995,0.004423007934037072,0.004423007934037072,0.004423007934037072,0.18625552157424463,0.18625552157424463,0.18625552157424463,0.1906785295082817,0.1906785295082817,0.1906785295082817,-3.266536980996277,-3.266536980996277,-3.266536980996277,0.0,0.0,0.0,3.4430549603845955
101,2012-06-10,6.503749144450142,-9.281022360435273,16.258501460506576,5.929438870097923,7.07845878019686,-3.2016364750655573,-3.2016364750655573,-3.2016364750655573,0.01223891446768726,0.01223891446768726,0.01223891446768726,0.24342427401997024,0.24342427401997024,0.24342427401997024,0.2556631884876575,0.2556631884876575,0.2556631884876575,-3.457299663553215,-3.457299663553215,-3.457299663553215,0.0,0.0,0.0,3.3021126693845844
102,2012-06-17,6.488584877027692,-9.071744134032992,15.724475173616677,5.906048120689057,7.072677886496284,-3.121927809057261,-3.121927809057261,-3.121927809057261,0.012784140669562693,0.012784140669562693,0.012784140669562693,0.8505019785733611,0.8505019785733611,0.8505019785733611,0.8632861192429238,0.8632861192429238,0.8632861192429238,-3.9852139283001855,-3.9852139283001855,-3.9852139283001855,0.0,0.0,0.0,3.3666570679704306
103,2012-06-24,6.473420609605242,-9.6073202039853,15.63298320668777,5.8826573712801915,7.06674155682337,-4.138903514279923,-4.138903514279923,-4.138903514279923,-0.013603274821000383,-0.013603274821000383,-0.013603274821000383,0.2697051474284542,0.2697051474284542,0.2697051474284542,0.2561018726074538,0.2561018726074538,0.2561018726074538,-4.395005386887377,-4.395005386887377,-4.395005386887377,0.0,0.0,0.0,2.334517095325319
104,2012-07-01,6.458256342182794,-9.601894214411194,15.878689118787744,5.8592666218713285,7.0617602183246,-4.117494751816117,-4.117494751816117,-4.117494751816117,0.010111324627497673,0.010111324627497673,0.010111324627497673,0.108145834219049,0.108145834219049,0.108145834219049,0.11825715884654667,0.11825715884654667,0.11825715884654667,-4.235751910662663,-4.235751910662663,-4.235751910662663,0.0,0.0,0.0,2.340761590366677
105,2012-07-08,6.443092074760343,-9.271435976056598,15.540274909257027,5.836065024692568,7.057164491922465,-2.947118194886039,-2.947118194886039,-2.947118194886039,0.0014682140005839483,0.0014682140005839483,0.0014682140005839483,0.7402479560203672,0.7402479560203672,0.7402479560203672,0.7417161700209512,0.7417161700209512,0.7417161700209512,-3.68883436490699,-3.68883436490699,-3.68883436490699,0.0,0.0,0.0,3.495973879874304
106,2012-07-15,6.427927807337893,-9.567761289927349,15.276463042722238,5.811294168755091,7.052876844091343,-2.8447449324446787,-2.8447449324446787,-2.8447449324446787,0.010388422343098908,0.010388422343098908,0.010388422343098908,0.520891662358232,0.520891662358232,0.520891662358232,0.5312800847013309,0.5312800847013309,0.5312800847013309,-3.3760250171460098,-3.3760250171460098,-3.3760250171460098,0.0,0.0,0.0,3.583182874893214
107,2012-07-22,6.412763539915443,-9.069211209093346,15.34839445554933,5.786410154738051,7.045903146477369,-3.4260753655591873,-3.4260753655591873,-3.4260753655591873,0.0008091710427105599,0.0008091710427105599,0.0008091710427105599,0.14437365168204125,0.14437365168204125,0.14437365168204125,0.1451828227247518,0.1451828227247518,0.1451828227247518,-3.5712581882839394,-3.5712581882839394,-3.5712581882839394,0.0,0.0,0.0,2.9866881743562557
108,2012-07-29,6.397599272492993,-9.324573229537737,16.102288941390043,5.76211662897904,7.035922405374178,-2.569634715069388,-2.569634715069388,-2.569634715069388,-0.028646173628380227,-0.028646173628380227,-0.028646173628380227,1.3209400825951385,1.3209400825951385,1.3209400825951385,1.2922939089667582,1.2922939089667582,1.2922939089667582,-3.8619286240361466,-3.8619286240361466,-3.8619286240361466,0.0,0.0,0.0,3.827964557423605
109,2012-08-05,6.382435005070545,-10.25982268657675,15.64167891248828,5.733545407405463,7.023089114115912,-3.233990385009038,-3.233990385009038,-3.233990385009038,0.00038365212151331157,0.00038365212151331157,0.00038365212151331157,0.4841403214583502,0.4841403214583502,0.4841403214583502,0.48452397357986354,0.48452397357986354,0.48452397357986354,-3.7185143585889016,-3.7185143585889016,-3.7185143585889016,0.0,0.0,0.0,3.148444620061507
110,2012-08-12,6.367270737648096,-9.177636677757818,16.110822043408664,5.706450014796708,7.0133458616045665,-2.7822007827148196,-2.7822007827148196,-2.7822007827148196,-0.005667546627552002,-0.005667546627552002,-0.005667546627552002,0.4280186157397521,0.4280186157397521,0.4280186157397521,0.42235106911220005,0.42235106911220005,0.42235106911220005,-3.20455185182702,-3.20455185182702,-3.20455185182702,0.0,0.0,0.0,3.5850699549332763
111,2012-08-19,6.352106470225644,-8.241338730803042,16.78480364070465,5.679180122499047,7.0048150386502765,-2.431571417043177,-2.431571417043177,-2.431571417043177,0.011296192229015706,0.011296192229015706,0.011296192229015706,0.4131505519063945,0.4131505519063945,0.4131505519063945,0.42444674413541017,0.42444674413541017,0.42444674413541017,-2.856018161178587,-2.856018161178587,-2.856018161178587,0.0,0.0,0.0,3.9205350531824674
112,2012-08-26,6.336942202803194,-8.60437018612577,15.296115075590134,5.65478950493564,6.996442359345422,-2.8050867075692802,-2.8050867075692802,-2.8050867075692802,-0.03641215844194506,-0.03641215844194506,-0.03641215844194506,0.11704573154638824,0.11704573154638824,0.11704573154638824,0.08063357310444319,0.08063357310444319,0.08063357310444319,-2.8857202806737234,-2.8857202806737234,-2.8857202806737234,0.0,0.0,0.0,3.531855495233914
113,2012-09-02,6.321777935380745,-9.195358649644831,15.660380790915816,5.632990453950966,6.992540631987279,-2.9492431507169794,-2.9492431507169794,-2.9492431507169794,0.017626985971135694,0.017626985971135694,0.017626985971135694,-0.15309232940861547,-0.15309232940861547,-0.15309232940861547,-0.1354653434374798,-0.1354653434374798,-0.1354653434374798,-2.8137778072794997,-2.8137778072794997,-2.8137778072794997,0.0,0.0,0.0,3.372534784663766
114,2012-09-09,6.306613667958297,-7.691907144564726,16.479334011621585,5.60657687655289,6.98875915429919,-1.9857648558818064,-1.9857648558818064,-1.9857648558818064,-0.01687602364487973,-0.01687602364487973,-0.01687602364487973,0.10510939860767737,0.10510939860767737,0.10510939860767737,0.08823337496279764,0.08823337496279764,0.08823337496279764,-2.073998230844604,-2.073998230844604,-2.073998230844604,0.0,0.0,0.0,4.320848812076491
115,2012-09-16,6.291449400535847,-6.8400831833513065,17.45894018095815,5.5816489281218615,6.981190425008401,-0.9812002933335111,-0.9812002933335111,-0.9812002933335111,-0.0206114979645345,-0.0206114979645345,-0.0206114979645345,-0.16366750161669666,-0.16366750161669666,-0.16366750161669666,-0.18427899958123115,-0.18427899958123115,-0.18427899958123115,-0.7969212937522799,-0.7969212937522799,-0.7969212937522799,0.0,0.0,0.0,5.310249107202337
116,2012-09-23,6.276285133113397,-6.551449283219808,18.17239438593292,5.560388672610498,6.970779669559711,-0.08105373229779593,-0.08105373229779593,-0.08105373229779593,-0.03245473143992129,-0.03245473143992129,-0.03245473143992129,-0.3801967691008893,-0.3801967691008893,-0.3801967691008893,-0.41265150054081057,-0.41265150054081057,-0.41265150054081057,0.3315977682430146,0.3315977682430146,0.3315977682430146,0.0,0.0,0.0,6.195231400815602
117,2012-09-30,6.2611208656909465,-5.182390577140235,20.56078921656166,5.532075630841303,6.960929695118869,0.5760508636275717,0.5760508636275717,0.5760508636275717,-0.01549338977907701,-0.01549338977907701,-0.01549338977907701,-0.40427884426506755,-0.40427884426506755,-0.40427884426506755,-0.41977223404414454,-0.41977223404414454,-0.41977223404414454,0.9958230976717162,0.9958230976717162,0.9958230976717162,0.0,0.0,0.0,6.837171729318518
118,2012-10-07,6.245956598268497,-4.256919777094527,20.556725111521313,5.50389923464672,6.953963765481524,1.7929728234177231,1.7929728234177231,1.7929728234177231,0.007234370451004374,0.007234370451004374,0.007234370451004374,0.1164175035394046,0.1164175035394046,0.1164175035394046,0.12365187399040899,0.12365187399040899,0.12365187399040899,1.6693209494273142,1.6693209494273142,1.6693209494273142,0.0,0.0,0.0,8.03892942168622
119,2012-10-14,6.230792330846048,-3.839432007874096,21.707921696991274,5.476260624188771,6.9406294980951655,2.3236201223433843,2.3236201223433843,2.3236201223433843,0.008652986081641884,0.008652986081641884,0.008652986081641884,-0.5167316650623461,-0.5167316650623461,-0.5167316650623461,-0.5080786789807042,-0.5080786789807042,-0.5080786789807042,2.8316988013240887,2.8316988013240887,2.8316988013240887,0.0,0.0,0.0,8.554412453189432
120,2012-10-21,6.2156280634235985,-2.537723401485248,22.535218564848503,5.448567971353645,6.934643089071452,3.7283160444119043,3.7283160444119043,3.7283160444119043,0.0056503149548734945,0.0056503149548734945,0.0056503149548734945,-0.2592628696964152,-0.2592628696964152,-0.2592628696964152,-0.25361255474154176,-0.25361255474154176,-0.25361255474154176,3.981928599153446,3.981928599153446,3.981928599153446,0.0,0.0,0.0,9.943944107835502
121,2012-10-28,6.200463796001149,-2.5310761909939843,22.015689992028967,5.423853176268293,6.931147789299597,3.509105166459743,3.509105166459743,3.509105166459743,-0.002664417984303588,-0.002664417984303588,-0.002664417984303588,-0.4498253778488687,-0.4498253778488687,-0.4498253778488687,-0.4524897958331723,-0.4524897958331723,-0.4524897958331723,3.9615949622929154,3.9615949622929154,3.9615949622929154,0.0,0.0,0.0,9.709568962460892
122,2012-11-04,6.1852995285787,-4.269306988481401,20.45639236018434,5.401524811615576,6.930535847580311,1.94950373971623,1.94950373971623,1.94950373971623,-0.014394397067699129,-0.014394397067699129,-0.014394397067699129,-0.5402902168629607,-0.5402902168629607,-0.5402902168629607,-0.5546846139306598,-0.5546846139306598,-0.5546846139306598,2.50418835364689,2.50418835364689,2.50418835364689,0.0,0.0,0.0,8.13480326829493
123,2012-11-11,6.170135261156248,-4.977184397639582,18.975469747375495,5.37930093131194,6.929479603779748,0.6593033558595236,0.6593033558595236,0.6593033558595236,-0.012400035073331612,-0.012400035073331612,-0.012400035073331612,-0.43254910648446976,-0.43254910648446976,-0.43254910648446976,-0.4449491415578014,-0.4449491415578014,-0.4449491415578014,1.104252497417325,1.104252497417325,1.104252497417325,0.0,0.0,0.0,6.8294386170157715
124,2012-11-18,6.1549709937338,-4.767123166269681,20.148755939326122,5.351328197357844,6.923285846160707,1.1752064375271194,1.1752064375271194,1.1752064375271194,-0.0018870259978020702,-0.0018870259978020702,-0.0018870259978020702,-0.5727486660642611,-0.5727486660642611,-0.5727486660642611,-0.5746356920620632,-0.5746356920620632,-0.5746356920620632,1.7498421295891826,1.7498421295891826,1.7498421295891826,0.0,0.0,0.0,7.330177431260919
125,2012-11-25,6.13980672631135,-1.9066894761243416,22.440272971482678,5.322616870137374,6.915715952544589,4.670331597555493,4.670331597555493,4.670331597555493,-0.01044695917548909,-0.01044695917548909,-0.01044695917548909,0.08710019459289572,0.08710019459289572,0.08710019459289572,0.07665323541740662,0.07665323541740662,0.07665323541740662,4.593678362138086,4.593678362138086,4.593678362138086,0.0,0.0,0.0,10.810138323866843
126,2012-12-02,6.124642458888901,-0.2825405966229394,24.629859378538757,5.294027733157601,6.908132080025751,6.926322117348126,6.926322117348126,6.926322117348126,-0.025797595005241414,-0.025797595005241414,-0.025797595005241414,-0.311091683716432,-0.311091683716432,-0.311091683716432,-0.33688927872167335,-0.33688927872167335,-0.33688927872167335,7.263211396069799,7.263211396069799,7.263211396069799,0.0,0.0,0.0,13.050964576237027
127,2012-12-09,6.109478191466451,-0.1680073021488985,25.711802109187673,5.268351706956465,6.900936162867933,6.566210174128372,6.566210174128372,6.566210174128372,-0.014787422787221732,-0.014787422787221732,-0.014787422787221732,-0.40584941442908457,-0.40584941442908457,-0.40584941442908457,-0.4206368372163063,-0.4206368372163063,-0.4206368372163063,6.986847011344678,6.986847011344678,6.986847011344678,0.0,0.0,0.0,12.675688365594823
128,2012-12-16,6.094313924044001,-3.718637218769246,21.16108922103113,5.240285416463865,6.899323282627775,3.223953872696718,3.223953872696718,3.223953872696718,0.012562531124553718,0.012562531124553718,0.012562531124553718,-0.30177296766890727,-0.30177296766890727,-0.30177296766890727,-0.2892104365443535,-0.2892104365443535,-0.2892104365443535,3.5131643092410716,3.5131643092410716,3.5131643092410716,0.0,0.0,0.0,9.318267796740718
129,2012-12-23,6.079149656621553,-7.525019454100668,17.00888962621181,5.2144948244278675,6.895571008427003,-0.5850761582968785,-0.5850761582968785,-0.5850761582968785,0.00246994156778789,0.00246994156778789,0.00246994156778789,-0.22481503168423814,-0.22481503168423814,-0.22481503168423814,-0.22234509011645026,-0.22234509011645026,-0.22234509011645026,-0.3627310681804282,-0.3627310681804282,-0.3627310681804282,0.0,0.0,0.0,5.494073498324674
130,2013-01-01,6.059652741364117,-7.888132747912637,17.05165934600234,5.184547429265631,6.886279559363152,-0.938200820073492,-0.938200820073492,-0.938200820073492,-0.0008629420784338944,-0.0008629420784338944,-0.0008629420784338944,0.07830500190893473,0.07830500190893473,0.07830500190893473,0.07744205983050084,0.07744205983050084,0.07744205983050084,-1.0156428799039927,-1.0156428799039927,-1.0156428799039927,0.0,0.0,0.0,5.121451921290625
131,2013-01-08,6.044488473941666,-4.305988507169438,20.42887835546046,5.155503829974294,6.882773947676149,2.2917312190340198,2.2917312190340198,2.2917312190340198,0.012799910690733333,0.012799910690733333,0.012799910690733333,0.28792376087664395,0.28792376087664395,0.28792376087664395,0.3007236715673773,0.3007236715673773,0.3007236715673773,1.9910075474666424,1.9910075474666424,1.9910075474666424,0.0,0.0,0.0,8.336219692975686
132,2013-01-15,6.029324206519218,-0.7404146176079116,23.97947985920838,5.127091207333074,6.87544458710072,5.349221016696841,5.349221016696841,5.349221016696841,0.00512834107493566,0.00512834107493566,0.00512834107493566,0.18615081700412975,0.18615081700412975,0.18615081700412975,0.1912791580790654,0.1912791580790654,0.1912791580790654,5.157941858617776,5.157941858617776,5.157941858617776,0.0,0.0,0.0,11.378545223216058
133,2013-01-22,6.014159939096768,-0.013335826970545025,24.07854237197783,5.100689646121338,6.871666595227092,6.078350890783544,6.078350890783544,6.078350890783544,0.01805114187448622,0.01805114187448622,0.01805114187448622,-0.10450936036005269,-0.10450936036005269,-0.10450936036005269,-0.08645821848556648,-0.08645821848556648,-0.08645821848556648,6.164809109269111,6.164809109269111,6.164809109269111,0.0,0.0,0.0,12.092510829880311
134,2013-01-29,5.998995671674318,-1.5079447592731596,23.377549743253994,5.074499005755752,6.867888603353463,5.174064541261847,5.174064541261847,5.174064541261847,-0.02286662528932593,-0.02286662528932593,-0.02286662528932593,0.007524641717040471,0.007524641717040471,0.007524641717040471,-0.015341983572285459,-0.015341983572285459,-0.015341983572285459,5.1894065248341334,5.1894065248341334,5.1894065248341334,0.0,0.0,0.0,11.173060212936164
135,2013-02-05,5.983831404251868,-3.0416929322843353,21.905868936612467,5.039244028738442,6.864331009166803,3.8046641778054626,3.8046641778054626,3.8046641778054626,-0.005435385608722598,-0.005435385608722598,-0.005435385608722598,-0.23633254597604766,-0.23633254597604766,-0.23633254597604766,-0.24176793158477022,-0.24176793158477022,-0.24176793158477022,4.046432109390232,4.046432109390232,4.046432109390232,0.0,0.0,0.0,9.78849558205733
136,2013-02-12,5.968667136829419,-2.30904829553644,22.496434746517746,5.019465731709421,6.860993812667111,3.869737984709587,3.869737984709587,3.869737984709587,6.472675908023978e-06,6.472675908023978e-06,6.472675908023978e-06,0.033596105765462875,0.033596105765462875,0.033596105765462875,0.0336025784413709,0.0336025784413709,0.0336025784413709,3.836135406268216,3.836135406268216,3.836135406268216,0.0,0.0,0.0,9.838405121539006
137,2013-02-19,5.953502869406971,-3.0406530649511296,22.342394455101463,4.987548111019555,6.8573444803708705,3.8448145249826067,3.8448145249826067,3.8448145249826067,-0.0076005299266470264,-0.0076005299266470264,-0.0076005299266470264,-0.04597944711037155,-0.04597944711037155,-0.04597944711037155,-0.05357997703701857,-0.05357997703701857,-0.05357997703701857,3.898394502019625,3.898394502019625,3.898394502019625,0.0,0.0,0.0,9.798317394389578
138,2013-02-26,5.938338601984519,-3.2158485518541484,21.326964796236364,4.954876592012309,6.853330863737363,3.1326145195061823,3.1326145195061823,3.1326145195061823,-0.018719367074467797,-0.018719367074467797,-0.018719367074467797,0.13871959925278848,0.13871959925278848,0.13871959925278848,0.1200002321783207,0.1200002321783207,0.1200002321783207,3.012614287327861,3.012614287327861,3.012614287327861,0.0,0.0,0.0,9.070953121490701
139,2013-03-05,5.923174334562069,-4.475878766724046,19.42929229679407,4.929501809567563,6.849153690984123,1.3193464002538144,1.3193464002538144,1.3193464002538144,-0.004973103332037178,-0.004973103332037178,-0.004973103332037178,0.22373979519775172,0.22373979519775172,0.22373979519775172,0.2187666918657145,0.2187666918657145,0.2187666918657145,1.1005797083881002,1.1005797083881002,1.1005797083881002,0.0,0.0,0.0,7.2425207348158835
140,2013-03-12,5.90801006713962,-7.002108083586401,17.187596258660516,4.902578347030113,6.844783567526126,-0.7871583739531613,-0.7871583739531613,-0.7871583739531613,0.010626373804878552,0.010626373804878552,0.010626373804878552,-0.1429359759940248,-0.1429359759940248,-0.1429359759940248,-0.13230960218914622,-0.13230960218914622,-0.13230960218914622,-0.6548487717640151,-0.6548487717640151,-0.6548487717640151,0.0,0.0,0.0,5.1208516931864585
141,2013-03-19,5.89284579971717,-8.373678088232205,17.464940571212544,4.873424227037334,6.840491000848833,-1.4205063817289263,-1.4205063817289263,-1.4205063817289263,0.006524838643242274,0.006524838643242274,0.006524838643242274,-0.19151894511589257,-0.19151894511589257,-0.19151894511589257,-0.1849941064726503,-0.1849941064726503,-0.1849941064726503,-1.235512275256276,-1.235512275256276,-1.235512275256276,0.0,0.0,0.0,4.472339417988244
142,2013-03-26,5.877681532294722,-6.903246744126767,18.26788334557655,4.84472501244048,6.836929002307187,-1.2237037045135277,-1.2237037045135277,-1.2237037045135277,0.0014266800826322633,0.0014266800826322633,0.0014266800826322633,-0.33046204853514827,-0.33046204853514827,-0.33046204853514827,-0.329035368452516,-0.329035368452516,-0.329035368452516,-0.8946683360610118,-0.8946683360610118,-0.8946683360610118,0.0,0.0,0.0,4.653977827781194
143,2013-04-02,5.862517264872272,-7.058510374578396,17.803221297305093,4.819505838809444,6.833262780569842,-0.7079040164079227,-0.7079040164079227,-0.7079040164079227,0.0061312029017463205,0.0061312029017463205,0.0061312029017463205,-0.033100772087911456,-0.033100772087911456,-0.033100772087911456,-0.026969569186165138,-0.026969569186165138,-0.026969569186165138,-0.6809344472217576,-0.6809344472217576,-0.6809344472217576,0.0,0.0,0.0,5.154613248464349
144,2013-04-09,5.847352997449821,-8.128522550085531,16.945468732339883,4.794406806864347,6.8287606725006835,-1.3408842125902511,-1.3408842125902511,-1.3408842125902511,0.003307806748195188,0.003307806748195188,0.003307806748195188,-0.19748711154860596,-0.19748711154860596,-0.19748711154860596,-0.1941793048004108,-0.1941793048004108,-0.1941793048004108,-1.1467049077898404,-1.1467049077898404,-1.1467049077898404,0.0,0.0,0.0,4.50646878485957
145,2013-04-16,5.832188730027371,-8.383064116554374,15.924718244320783,4.769307774919251,6.825235547302831,-2.338980709343242,-2.338980709343242,-2.338980709343242,-0.002631510158318924,-0.002631510158318924,-0.002631510158318924,-0.4665781258497664,-0.4665781258497664,-0.4665781258497664,-0.4692096360080853,-0.4692096360080853,-0.4692096360080853,-1.8697710733351567,-1.8697710733351567,-1.8697710733351567,0.0,0.0,0.0,3.493208020684129
146,2013-04-23,5.8170244626049215,-8.707796896287366,16.085855556623223,4.7442087429741555,6.816742182788805,-1.9372259163348877,-1.9372259163348877,-1.9372259163348877,-0.0033112033131498094,-0.0033112033131498094,-0.0033112033131498094,0.27504508585418386,0.27504508585418386,0.27504508585418386,0.27173388254103403,0.27173388254103403,0.27173388254103403,-2.2089597988759215,-2.2089597988759215,-2.2089597988759215,0.0,0.0,0.0,3.8797985462700337
147,2013-04-30,5.801860195182473,-7.535994650325023,16.89552543115577,4.719109711029063,6.814856504101279,-1.8864388273992119,-1.8864388273992119,-1.8864388273992119,-0.02219555822646205,-0.02219555822646205,-0.02219555822646205,0.29577661147687656,0.29577661147687656,0.29577661147687656,0.27358105325041454,0.27358105325041454,0.27358105325041454,-2.1600198806496267,-2.1600198806496267,-2.1600198806496267,0.0,0.0,0.0,3.9154213677832614
148,2013-05-07,5.786695927760023,-8.747854012175914,15.78400600226958,4.694010679083967,6.804668566516381,-2.510155877728707,-2.510155877728707,-2.510155877728707,-0.01692912415134188,-0.01692912415134188,-0.01692912415134188,-0.2602052117801436,-0.2602052117801436,-0.2602052117801436,-0.2771343359314855,-0.2771343359314855,-0.2771343359314855,-2.2330215417972217,-2.2330215417972217,-2.2330215417972217,0.0,0.0,0.0,3.276540050031316
149,2013-05-14,5.771531660337574,-9.389970338579266,15.244551844004894,4.668911647138872,6.803655491567101,-2.448202866734912,-2.448202866734912,-2.448202866734912,-0.009475075027013032,-0.009475075027013032,-0.009475075027013032,0.23347732996548273,0.23347732996548273,0.23347732996548273,0.22400225493846973,0.22400225493846973,0.22400225493846973,-2.6722051216733815,-2.6722051216733815,-2.6722051216733815,0.0,0.0,0.0,3.3233287936026623
150,2013-05-21,5.756367392915123,-8.938567552399196,15.416934703708105,4.641047764893581,6.79794369494871,-2.8856126140017695,-2.8856126140017695,-2.8856126140017695,-0.0016343243953384854,-0.0016343243953384854,-0.0016343243953384854,0.26551696044657686,0.26551696044657686,0.26551696044657686,0.26388263605123835,0.26388263605123835,0.26388263605123835,-3.149495250053008,-3.149495250053008,-3.149495250053008,0.0,0.0,0.0,2.870754778913353
151,2013-05-28,5.741203125492673,-9.756821312679413,15.304429883408678,4.616031095192532,6.791074150325383,-3.1770245117268208,-3.1770245117268208,-3.1770245117268208,-0.015538874542465525,-0.015538874542465525,-0.015538874542465525,0.13693961980199412,0.13693961980199412,0.13693961980199412,0.1214007452595286,0.1214007452595286,0.1214007452595286,-3.2984252569863495,-3.2984252569863495,-3.2984252569863495,0.0,0.0,0.0,2.564178613765852
152,2013-06-04,5.7260388580702255,-10.116186184505944,15.528518866824074,4.591949862670617,6.786750265522436,-3.0420485818941714,-3.0420485818941714,-3.0420485818941714,-0.007644670735375487,-0.007644670735375487,-0.007644670735375487,0.2348384906960916,0.2348384906960916,0.2348384906960916,0.22719381996071614,0.22719381996071614,0.22719381996071614,-3.2692424018548873,-3.2692424018548873,-3.2692424018548873,0.0,0.0,0.0,2.683990276176054
153,2013-06-11,5.710874590647776,-9.411108013741508,15.41845971506445,4.568782113210363,6.781066177276477,-2.7813686263876867,-2.7813686263876867,-2.7813686263876867,0.0012939192848835529,0.0012939192848835529,0.0012939192848835529,0.7192023164674983,0.7192023164674983,0.7192023164674983,0.7204962357523819,0.7204962357523819,0.7204962357523819,-3.501864862140068,-3.501864862140068,-3.501864862140068,0.0,0.0,0.0,2.929505964260089
154,2013-06-18,5.695710323225326,-9.272710107908928,14.16285125347875,4.543589452632279,6.774388874859669,-3.5359914024065775,-3.5359914024065775,-3.5359914024065775,-0.019273900877233602,-0.019273900877233602,-0.019273900877233602,0.529058626888641,0.529058626888641,0.529058626888641,0.5097847260114075,0.5097847260114075,0.5097847260114075,-4.045776128417985,-4.045776128417985,-4.045776128417985,0.0,0.0,0.0,2.159718920818748
155,2013-06-25,5.680546055802876,-11.366722044921733,14.931439816772878,4.518317455468301,6.769900162211417,-4.0834016355316916,-4.0834016355316916,-4.0834016355316916,-0.00909393043858091,-0.00909393043858091,-0.00909393043858091,0.33399381775076636,0.33399381775076636,0.33399381775076636,0.32489988731218544,0.32489988731218544,0.32489988731218544,-4.408301522843876,-4.408301522843876,-4.408301522843876,0.0,0.0,0.0,1.5971444202711842
